<game_object tsid="LLICFILAMTI11QV" ts="1364245820669" label="Scribe&apos;s Weald" class_tsid="town" hubid="56" moteid="9" letime="3ld2gab5" rbtime="25h9uak4" upd_gs="gs6" load_time="2013-03-25 09:37:13.000">
	<object id="dynamic">
		<object id="loading_image">
			<str id="url">streets/2011-07-21/LLICFILAMTI11QV_loading_1311272820.jpg</str>
			<int id="w">840</int>
			<int id="h">160</int>
		</object>
		<bool id="jobs_is_locked">false</bool>
		<object id="image">
			<str id="url">streets/2011-07-21/LLICFILAMTI11QV_main_1311272822.jpg</str>
			<int id="w">720</int>
			<int id="h">288</int>
		</object>
		<object id="action_requests">
		</object>
		<object id="rook_status">
			<bool id="rooked">false</bool>
		</object>
		<object id="delayed_sounds">
		</object>
		<object id="keys">
		</object>
		<object id="qurazy">
		</object>
		<object id="incantations">
			<object id="PHFBAN7Q4TC22VA">
				<int id="step">1</int>
				<int id="ts">1350436166</int>
			</object>
			<object id="PUVQ9CP8K9G2F2M">
				<int id="step">1</int>
				<int id="ts">1350436209</int>
			</object>
			<object id="PUVI4EDKGAJ207T">
				<int id="step">2</int>
				<int id="ts">1350436225</int>
			</object>
			<object id="PUVVILGJCUF27V0">
				<int id="step">1</int>
				<int id="ts">1350436273</int>
			</object>
			<object id="PHFKVVPRI2D2CGO">
				<int id="step">1</int>
				<int id="ts">1350436893</int>
			</object>
			<object id="PUV2O7J6I9D207V">
				<int id="step">1</int>
				<int id="ts">1350436915</int>
			</object>
			<object id="PHFC713TM2D22UF">
				<int id="step">2</int>
				<int id="ts">1350436916</int>
			</object>
			<object id="PIF3P1905R61D2U">
				<int id="step">1</int>
				<int id="ts">1350437431</int>
			</object>
			<object id="PHF624MH10D2RFE">
				<int id="step">1</int>
				<int id="ts">1350437495</int>
			</object>
			<object id="PCRG4AJDLNS1TTP">
				<int id="step">2</int>
				<int id="ts">1350437496</int>
			</object>
			<object id="PUV1T4MF4FF2Q8S">
				<int id="step">3</int>
				<int id="ts">1350437496</int>
			</object>
			<object id="PHFK48ANI2D2F12">
				<int id="step">1</int>
				<int id="ts">1350437559</int>
			</object>
			<object id="PHFIPVH38TC2PIV">
				<int id="step">1</int>
				<int id="ts">1350437724</int>
			</object>
			<object id="PUV78NOA0G73MM9">
				<int id="step">2</int>
				<int id="ts">1350437733</int>
			</object>
			<object id="PUVG1MUCTA93KMM">
				<int id="step">1</int>
				<int id="ts">1350438351</int>
			</object>
			<object id="PUVPNRE5ND83N2V">
				<int id="step">2</int>
				<int id="ts">1350438354</int>
			</object>
			<object id="PA9JPU1Q9PD223O">
				<int id="step">1</int>
				<int id="ts">1350438621</int>
			</object>
			<object id="PHVVO7CASCB21O5">
				<int id="step">2</int>
				<int id="ts">1350438625</int>
			</object>
			<object id="PIFT391SQ363BIC">
				<int id="step">1</int>
				<int id="ts">1350439198</int>
			</object>
			<object id="PHV2INV1M3A22CS">
				<int id="step">2</int>
				<int id="ts">1350439209</int>
			</object>
			<object id="PUVMCBIC7JG2RDN">
				<int id="step">1</int>
				<int id="ts">1350439519</int>
			</object>
			<object id="PUVCK0THA3J2RTL">
				<int id="step">2</int>
				<int id="ts">1350439530</int>
			</object>
			<object id="PUVJ86DSLSM2BDC">
				<int id="step">3</int>
				<int id="ts">1350439532</int>
			</object>
			<object id="PUVPBGSGGI9363H">
				<int id="step">1</int>
				<int id="ts">1350439545</int>
			</object>
			<object id="PUVGV2K6PBG24Q2">
				<int id="step">1</int>
				<int id="ts">1350439573</int>
			</object>
			<object id="PCRCFKKOGUJ1Q7C">
				<int id="step">1</int>
				<int id="ts">1350439995</int>
			</object>
			<object id="PHV7VR28QG822HB">
				<int id="step">1</int>
				<int id="ts">1350440591</int>
			</object>
			<object id="PUV10ALD09H22LB">
				<int id="step">2</int>
				<int id="ts">1350440600</int>
			</object>
			<object id="PUVH3TQBJS63O8M">
				<int id="step">3</int>
				<int id="ts">1350440611</int>
			</object>
			<object id="PCR45R93AUT1EMH">
				<int id="step">1</int>
				<int id="ts">1350440761</int>
			</object>
			<object id="PCRFPSQPKNS1E2I">
				<int id="step">2</int>
				<int id="ts">1350440777</int>
			</object>
			<object id="PIFV7JNC6163LDM">
				<int id="step">1</int>
				<int id="ts">1350441219</int>
			</object>
			<object id="PIF1AB3PVG63M4B">
				<int id="step">2</int>
				<int id="ts">1350441856</int>
			</object>
			<object id="PHV1AV0JOP62IOS">
				<int id="step">1</int>
				<int id="ts">1350442517</int>
			</object>
			<object id="PCRE15VHINS1RJI">
				<int id="step">1</int>
				<int id="ts">1350442623</int>
			</object>
			<object id="PHV2N3G3AF825OC">
				<int id="step">1</int>
				<int id="ts">1350443393</int>
			</object>
			<object id="PHV2GBROGF82MRS">
				<int id="step">2</int>
				<int id="ts">1350443395</int>
			</object>
			<object id="PHVRKEJ8VV22AU3">
				<int id="step">1</int>
				<int id="ts">1350444333</int>
			</object>
			<object id="PUVAHGOVSS83RTK">
				<int id="step">1</int>
				<int id="ts">1350444731</int>
			</object>
			<object id="PUVTKEDO69G2IAT">
				<int id="step">2</int>
				<int id="ts">1350444742</int>
			</object>
			<object id="PUVH3THALJ83OH4">
				<int id="step">1</int>
				<int id="ts">1350444991</int>
			</object>
			<object id="PUVFEENQHQ8386F">
				<int id="step">1</int>
				<int id="ts">1350445102</int>
			</object>
			<object id="PCRDURAIHUM1915">
				<int id="step">1</int>
				<int id="ts">1350445805</int>
			</object>
			<object id="PUV3JN5MTIA31QP">
				<int id="step">1</int>
				<int id="ts">1350446037</int>
			</object>
			<object id="PUVMLF2B4IB31C8">
				<int id="step">1</int>
				<int id="ts">1350446966</int>
			</object>
			<object id="PUV160O6FLB3KF2">
				<int id="step">2</int>
				<int id="ts">1350446969</int>
			</object>
			<object id="PUVBNT8S0V93PMS">
				<int id="step">3</int>
				<int id="ts">1350446970</int>
			</object>
			<object id="PHF7FAIS10D205I">
				<int id="step">1</int>
				<int id="ts">1350446971</int>
			</object>
			<object id="PHFS0IK652D2K0L">
				<int id="step">2</int>
				<int id="ts">1350446978</int>
			</object>
			<object id="PUV6RTNUBA9355U">
				<int id="step">3</int>
				<int id="ts">1350446983</int>
			</object>
			<object id="PHVV60T1DI829GR">
				<int id="step">1</int>
				<int id="ts">1350447099</int>
			</object>
			<object id="PM1EMRJKJ4027KO">
				<int id="step">1</int>
				<int id="ts">1350447437</int>
			</object>
			<object id="PUV86EDVVOE2SJG">
				<int id="step">1</int>
				<int id="ts">1350447813</int>
			</object>
			<object id="PUVN8LR3HQ63GE4">
				<int id="step">2</int>
				<int id="ts">1350447817</int>
			</object>
			<object id="PUVT527JACG2A1Q">
				<int id="step">3</int>
				<int id="ts">1350447819</int>
			</object>
			<object id="PUV2PCFUPSF2NBE">
				<int id="step">1</int>
				<int id="ts">1350450118</int>
			</object>
			<object id="PUVFH6OPFTF2LF6">
				<int id="step">2</int>
				<int id="ts">1350450128</int>
			</object>
			<object id="PLI16FSFK2I91">
				<int id="step">1</int>
				<int id="ts">1350450583</int>
			</object>
			<object id="PUVERUQUIIJ2TCI">
				<int id="step">2</int>
				<int id="ts">1350450590</int>
			</object>
			<object id="PA97I2RED7E2KE2">
				<int id="step">3</int>
				<int id="ts">1350450591</int>
			</object>
			<object id="PHV3EC8AOK42KO4">
				<int id="step">1</int>
				<int id="ts">1350450598</int>
			</object>
			<object id="PHF9I9M891D271B">
				<int id="step">1</int>
				<int id="ts">1350451042</int>
			</object>
			<object id="PLI10TT96BL3U">
				<int id="step">1</int>
				<int id="ts">1350451462</int>
			</object>
			<object id="PDOEJ4GPT3V2MIL">
				<int id="step">2</int>
				<int id="ts">1350451469</int>
			</object>
			<object id="PHFQKPSCE2D2HQ2">
				<int id="step">1</int>
				<int id="ts">1350452057</int>
			</object>
			<object id="PA962257UKD2G59">
				<int id="step">2</int>
				<int id="ts">1350452060</int>
			</object>
			<object id="PUVACO56KHA3S5O">
				<int id="step">3</int>
				<int id="ts">1350452062</int>
			</object>
			<object id="PUVI8DSMIJB371E">
				<int id="step">1</int>
				<int id="ts">1350452604</int>
			</object>
			<object id="PUVAGGK1L1A3SGM">
				<int id="step">2</int>
				<int id="ts">1350452616</int>
			</object>
			<object id="PUVR4V4PQ383K55">
				<int id="step">3</int>
				<int id="ts">1350452640</int>
			</object>
			<object id="PUV2QHVJTJB3VRK">
				<int id="step">1</int>
				<int id="ts">1350453769</int>
			</object>
			<object id="PHVNJ4LKTQ626HM">
				<int id="step">2</int>
				<int id="ts">1350453771</int>
			</object>
			<object id="PUV659ESQ8B34J3">
				<int id="step">3</int>
				<int id="ts">1350453773</int>
			</object>
			<object id="PUV3B39J16B3DHQ">
				<int id="step">1</int>
				<int id="ts">1350454267</int>
			</object>
			<object id="PA9T8Q9677E20UC">
				<int id="step">2</int>
				<int id="ts">1350454546</int>
			</object>
			<object id="PUVDIUKJTQ636BN">
				<int id="step">1</int>
				<int id="ts">1350454558</int>
			</object>
			<object id="PIFHIBOVJ6632DF">
				<int id="step">2</int>
				<int id="ts">1350455236</int>
			</object>
			<object id="PHFAPDJUQQC23Q6">
				<int id="step">1</int>
				<int id="ts">1350456706</int>
			</object>
			<object id="PHFVCRK8V4D22NS">
				<int id="step">2</int>
				<int id="ts">1350456728</int>
			</object>
			<object id="PA9UP7RCAUD2PD6">
				<int id="step">1</int>
				<int id="ts">1350457423</int>
			</object>
			<object id="PM1GBN2Q1H12041">
				<int id="step">2</int>
				<int id="ts">1350457426</int>
			</object>
			<object id="PHFSRKE6T0D2GH8">
				<int id="step">1</int>
				<int id="ts">1350458967</int>
			</object>
			<object id="PUVFUD1UJRE26GD">
				<int id="step">2</int>
				<int id="ts">1350459072</int>
			</object>
			<object id="PUVTV724F7D2G1V">
				<int id="step">1</int>
				<int id="ts">1350459486</int>
			</object>
			<object id="PHFAGTM9BFD2VCF">
				<int id="step">2</int>
				<int id="ts">1350459504</int>
			</object>
			<object id="PUVT5TK2G6D28QU">
				<int id="step">1</int>
				<int id="ts">1350459741</int>
			</object>
			<object id="PUVP6JUU8JB3FNS">
				<int id="step">1</int>
				<int id="ts">1350459789</int>
			</object>
			<object id="PUV1UL7EGC83HM4">
				<int id="step">2</int>
				<int id="ts">1350459796</int>
			</object>
			<object id="PHF9L3JP5BD2R6D">
				<int id="step">1</int>
				<int id="ts">1350461110</int>
			</object>
			<object id="PA9QA8RBRPD22NK">
				<int id="step">2</int>
				<int id="ts">1350461112</int>
			</object>
			<object id="PHFCA0VG30D2LVR">
				<int id="step">1</int>
				<int id="ts">1350461437</int>
			</object>
			<object id="PUV4MP5FJG83KA7">
				<int id="step">1</int>
				<int id="ts">1350461915</int>
			</object>
			<object id="PIFHCQSRUS53B6M">
				<int id="step">1</int>
				<int id="ts">1350462900</int>
			</object>
			<object id="PM1JV75OM4028DU">
				<int id="step">2</int>
				<int id="ts">1350462906</int>
			</object>
			<object id="PUVGN6Q8U9E2I83">
				<int id="step">1</int>
				<int id="ts">1350463663</int>
			</object>
			<object id="PUVBJOS4IQE2HT8">
				<int id="step">2</int>
				<int id="ts">1350463665</int>
			</object>
			<object id="PUVLDBAAO673ORE">
				<int id="step">3</int>
				<int id="ts">1350463666</int>
			</object>
			<object id="PHFJBTLF5FD2O48">
				<int id="step">1</int>
				<int id="ts">1350463763</int>
			</object>
			<object id="PUVS2S2R0MB3R01">
				<int id="step">1</int>
				<int id="ts">1350463859</int>
			</object>
			<object id="PUVO3SFBBIB3TOP">
				<int id="step">2</int>
				<int id="ts">1350463862</int>
			</object>
			<object id="PUVSGG1ULJE2EBJ">
				<int id="step">3</int>
				<int id="ts">1350463869</int>
			</object>
			<object id="PUVFIH9AJ9G2RBL">
				<int id="step">1</int>
				<int id="ts">1350464390</int>
			</object>
			<object id="PIF9573ICE63AGC">
				<int id="step">2</int>
				<int id="ts">1350464498</int>
			</object>
			<object id="PUVEV4TIGDE2EJG">
				<int id="step">1</int>
				<int id="ts">1350464749</int>
			</object>
			<object id="PA9U8326U8I29KM">
				<int id="step">2</int>
				<int id="ts">1350464751</int>
			</object>
			<object id="PUVJ9R0NOAJ23LH">
				<int id="step">3</int>
				<int id="ts">1350464754</int>
			</object>
			<object id="PA98M6U46RD2JJH">
				<int id="step">1</int>
				<int id="ts">1350465596</int>
			</object>
			<object id="PCRDSUEFINS1EJ1">
				<int id="step">1</int>
				<int id="ts">1350466258</int>
			</object>
			<object id="PUVSSI14VTA3NGM">
				<int id="step">1</int>
				<int id="ts">1350468517</int>
			</object>
			<object id="PUVH9GAIDLB3NDN">
				<int id="step">2</int>
				<int id="ts">1350468538</int>
			</object>
			<object id="PUVN0HRS7F93P69">
				<int id="step">1</int>
				<int id="ts">1350470316</int>
			</object>
			<object id="PHF31BRLV4D27G0">
				<int id="step">2</int>
				<int id="ts">1350472159</int>
			</object>
			<object id="PUVLICHS6LB3QE3">
				<int id="step">3</int>
				<int id="ts">1350472183</int>
			</object>
			<object id="PUV5RUVCQLG2OO1">
				<int id="step">1</int>
				<int id="ts">1350475535</int>
			</object>
			<object id="PUV3G7UGUF933VH">
				<int id="step">1</int>
				<int id="ts">1350475647</int>
			</object>
			<object id="PHVU6JQNUKB2DJF">
				<int id="step">2</int>
				<int id="ts">1350475649</int>
			</object>
			<object id="PHFIS28II2D239P">
				<int id="step">3</int>
				<int id="ts">1350475651</int>
			</object>
			<object id="PUV5J1BUC2B3UGP">
				<int id="step">1</int>
				<int id="ts">1350475658</int>
			</object>
			<object id="PHFVN17DD0D2G3V">
				<int id="step">2</int>
				<int id="ts">1350475662</int>
			</object>
			<object id="PUV89C2QT5O20OL">
				<int id="step">1</int>
				<int id="ts">1350478156</int>
			</object>
			<object id="PIF4FNTP4FIBE">
				<int id="step">2</int>
				<int id="ts">1350478162</int>
			</object>
			<object id="PUVJ14GQK8D2BAC">
				<int id="step">1</int>
				<int id="ts">1350481039</int>
			</object>
			<object id="PHVAIDE6OA52QGG">
				<int id="step">2</int>
				<int id="ts">1350481048</int>
			</object>
			<object id="PUVPHMR075D2SNE">
				<int id="step">1</int>
				<int id="ts">1350485104</int>
			</object>
			<object id="PUVP6M2EH9G2Q22">
				<int id="step">1</int>
				<int id="ts">1350486109</int>
			</object>
			<object id="PA920DBMG0E2ASB">
				<int id="step">2</int>
				<int id="ts">1350486133</int>
			</object>
			<object id="PIF12MTPPQH5L">
				<int id="step">1</int>
				<int id="ts">1350486917</int>
			</object>
			<object id="PCRL8MVRSNS1B0G">
				<int id="step">1</int>
				<int id="ts">1350489462</int>
			</object>
			<object id="PUVMCPKNL0F22UT">
				<int id="step">2</int>
				<int id="ts">1350491773</int>
			</object>
			<object id="PHF34P8T35D2E8S">
				<int id="step">1</int>
				<int id="ts">1350492866</int>
			</object>
			<object id="PUVTNI1FJH93NPE">
				<int id="step">1</int>
				<int id="ts">1350493667</int>
			</object>
			<object id="PUV9QUSLBJE2G5N">
				<int id="step">2</int>
				<int id="ts">1350493705</int>
			</object>
			<object id="PUV7N3P3I4J2PS8">
				<int id="step">1</int>
				<int id="ts">1350493960</int>
			</object>
			<object id="PA9252IP5UD21NG">
				<int id="step">1</int>
				<int id="ts">1350494389</int>
			</object>
			<object id="PNVK4E8SE8E2NH0">
				<int id="step">1</int>
				<int id="ts">1350495156</int>
			</object>
			<object id="PHV6C84JR2821C3">
				<int id="step">1</int>
				<int id="ts">1350496065</int>
			</object>
			<object id="PA9VHKNCKQD2LUN">
				<int id="step">2</int>
				<int id="ts">1350496066</int>
			</object>
			<object id="PHF7GOMJS1D24NC">
				<int id="step">3</int>
				<int id="ts">1350496067</int>
			</object>
			<object id="PUV49PF4QVF2OMB">
				<int id="step">1</int>
				<int id="ts">1350496244</int>
			</object>
			<object id="PUV9TAHHD9G289O">
				<int id="step">2</int>
				<int id="ts">1350496247</int>
			</object>
			<object id="PUVLFFUVRV83V9M">
				<int id="step">3</int>
				<int id="ts">1350496266</int>
			</object>
			<object id="PCRU680J7UM14HN">
				<int id="step">1</int>
				<int id="ts">1350498043</int>
			</object>
			<object id="PUV1HGTOH4A3IR9">
				<int id="step">1</int>
				<int id="ts">1350498460</int>
			</object>
			<object id="PUVA82F85D73SQ2">
				<int id="step">2</int>
				<int id="ts">1350499357</int>
			</object>
			<object id="PUVUCJ1BR4A3NOC">
				<int id="step">3</int>
				<int id="ts">1350499751</int>
			</object>
			<object id="PA93S1AM4RD29RK">
				<int id="step">1</int>
				<int id="ts">1350501046</int>
			</object>
			<object id="PHF1NIIAP1D2RI3">
				<int id="step">1</int>
				<int id="ts">1350501421</int>
			</object>
			<object id="PHVUL3BGS3A2DQO">
				<int id="step">2</int>
				<int id="ts">1350501424</int>
			</object>
			<object id="PUVU9VTHCTE2J62">
				<int id="step">1</int>
				<int id="ts">1350501753</int>
			</object>
			<object id="PUV9QFOV3ME2DOV">
				<int id="step">2</int>
				<int id="ts">1350501756</int>
			</object>
			<object id="PUVT8691EI93FIR">
				<int id="step">3</int>
				<int id="ts">1350501758</int>
			</object>
			<object id="PHVE5USE9P62UL5">
				<int id="step">1</int>
				<int id="ts">1350502528</int>
			</object>
			<object id="PUVUVN6H8F934GS">
				<int id="step">2</int>
				<int id="ts">1350502531</int>
			</object>
			<object id="PUVBF5Q7E7830LP">
				<int id="step">3</int>
				<int id="ts">1350502532</int>
			</object>
			<object id="PHFFIBQRICD28H9">
				<int id="step">1</int>
				<int id="ts">1350502546</int>
			</object>
			<object id="PUVA3B9BG5D2J8A">
				<int id="step">1</int>
				<int id="ts">1350502879</int>
			</object>
			<object id="PA9UFDR4JJD224N">
				<int id="step">2</int>
				<int id="ts">1350502888</int>
			</object>
			<object id="PUVBIORRBF93J9R">
				<int id="step">1</int>
				<int id="ts">1350502904</int>
			</object>
			<object id="PUVA2RGKSPK263G">
				<int id="step">2</int>
				<int id="ts">1350502919</int>
			</object>
			<object id="PUVOPL6QDU93MJH">
				<int id="step">1</int>
				<int id="ts">1350505464</int>
			</object>
			<object id="PHFMI32SK4D2U1L">
				<int id="step">2</int>
				<int id="ts">1350505858</int>
			</object>
			<object id="PIF5A6G3R66382H">
				<int id="step">1</int>
				<int id="ts">1350507033</int>
			</object>
			<object id="PHF7NSKA3AD2PU5">
				<int id="step">1</int>
				<int id="ts">1350508002</int>
			</object>
			<object id="PUV76BIV41O20KD">
				<int id="step">2</int>
				<int id="ts">1350509354</int>
			</object>
			<object id="PUV224T8NPM2TPN">
				<int id="step">3</int>
				<int id="ts">1350509931</int>
			</object>
			<object id="PHV5AI7DGI72EMV">
				<int id="step">1</int>
				<int id="ts">1350510066</int>
			</object>
			<object id="PA9O3QNPFID2ENR">
				<int id="step">2</int>
				<int id="ts">1350511374</int>
			</object>
			<object id="PUVARSVU9IB3PHR">
				<int id="step">1</int>
				<int id="ts">1350511464</int>
			</object>
			<object id="PHVSCM4AFS627EF">
				<int id="step">1</int>
				<int id="ts">1350512683</int>
			</object>
			<object id="PHF1GCHBE4D2KLM">
				<int id="step">1</int>
				<int id="ts">1350513930</int>
			</object>
			<object id="PHVIBHO8RN02DFH">
				<int id="step">1</int>
				<int id="ts">1350513967</int>
			</object>
			<object id="PHF9U3UPMVC26VO">
				<int id="step">2</int>
				<int id="ts">1350513972</int>
			</object>
			<object id="PHVK2FSFOT22C3I">
				<int id="step">1</int>
				<int id="ts">1350514160</int>
			</object>
			<object id="PUVLFPT60BB3COT">
				<int id="step">2</int>
				<int id="ts">1350515743</int>
			</object>
			<object id="PUV7Q0QGO773EUS">
				<int id="step">1</int>
				<int id="ts">1350515784</int>
			</object>
			<object id="PIF4EF0L5OKUTP">
				<int id="step">2</int>
				<int id="ts">1350515788</int>
			</object>
			<object id="PUVNP7LHL4733O9">
				<int id="step">1</int>
				<int id="ts">1350516127</int>
			</object>
			<object id="PHVEQLLACJ32T3A">
				<int id="step">1</int>
				<int id="ts">1350516985</int>
			</object>
			<object id="PHFVB7UGK2D283T">
				<int id="step">2</int>
				<int id="ts">1350516993</int>
			</object>
			<object id="PIFIPU7QSO53BHU">
				<int id="step">1</int>
				<int id="ts">1350517809</int>
			</object>
			<object id="PUVFEL3UR8B35I8">
				<int id="step">1</int>
				<int id="ts">1350517849</int>
			</object>
			<object id="PUVPJIH5OGA3EL4">
				<int id="step">1</int>
				<int id="ts">1350519112</int>
			</object>
			<object id="PUV51270OC930IE">
				<int id="step">1</int>
				<int id="ts">1350519407</int>
			</object>
			<object id="PUV4KL8IOKG205V">
				<int id="step">1</int>
				<int id="ts">1350519561</int>
			</object>
			<object id="PUV6VA44QQB3LTV">
				<int id="step">2</int>
				<int id="ts">1350519577</int>
			</object>
			<object id="PUVLE608CNB3GA3">
				<int id="step">3</int>
				<int id="ts">1350519729</int>
			</object>
			<object id="PUVNIBP02EE2L04">
				<int id="step">1</int>
				<int id="ts">1350519851</int>
			</object>
			<object id="PHFBIL9394D2CV7">
				<int id="step">2</int>
				<int id="ts">1350519858</int>
			</object>
			<object id="PHFG6RUSF1D2GQU">
				<int id="step">1</int>
				<int id="ts">1350520662</int>
			</object>
			<object id="PUVBBEV6LP735IR">
				<int id="step">2</int>
				<int id="ts">1350520663</int>
			</object>
			<object id="PHFTTVBJQ2D2PP8">
				<int id="step">3</int>
				<int id="ts">1350520664</int>
			</object>
			<object id="PA9I3VQD2VD2L8S">
				<int id="step">1</int>
				<int id="ts">1350520804</int>
			</object>
			<object id="PUVBTTFKSVE2QNB">
				<int id="step">2</int>
				<int id="ts">1350521738</int>
			</object>
			<object id="PUVNCT5TL5D2BB4">
				<int id="step">1</int>
				<int id="ts">1354914438</int>
			</object>
			<object id="PUV8PBHEH5K2E9N">
				<int id="step">1</int>
				<int id="ts">1354915086</int>
			</object>
			<object id="PUVFN2LHIHC3LN7">
				<int id="step">2</int>
				<int id="ts">1354915087</int>
			</object>
			<object id="PCRAFRDJFUT1PGB">
				<int id="step">1</int>
				<int id="ts">1354915547</int>
			</object>
			<object id="PHF3EMI4JDD2EUU">
				<int id="step">1</int>
				<int id="ts">1354916469</int>
			</object>
			<object id="PA9TLH9T15E2EVD">
				<int id="step">1</int>
				<int id="ts">1354916570</int>
			</object>
			<object id="PHF9LSI6S4D2FTF">
				<int id="step">1</int>
				<int id="ts">1354916585</int>
			</object>
			<object id="PUVOV284NNA3T07">
				<int id="step">1</int>
				<int id="ts">1354916956</int>
			</object>
		</object>
		<object id="emotes">
			<object id="25-05-23">
			</object>
			<object id="25-05-25">
			</object>
			<object id="25-05-26">
				<int id="PHF2VPV503D26FE">1351271039</int>
				<int id="PUV473G116D2GUS">1351271039</int>
				<int id="PUVVLIPFM5D2UC5">1351271055</int>
				<int id="PA9TLH9T15E2EVD">1351271061</int>
				<int id="PUVFICB3E7D2UAI">1351271198</int>
				<int id="PUVA2RGKSPK263G">1351271198</int>
				<int id="PIFSMKNBOG63N0R">1351271204</int>
				<int id="PUV7DBINAS73IFR">1351271207</int>
				<int id="PIF3FIHH24636IC">1351271218</int>
				<int id="PUVJIU4MIIH2R1K">1351271221</int>
				<int id="PCREFFQ3JNS15CM">1351271228</int>
				<int id="PDO9SN705UU21C4">1351271250</int>
				<int id="PUVR7DBV7JG2E14">1351271251</int>
				<int id="PUVBUB7PT9E2HLL">1351271266</int>
				<int id="PA9252IP5UD21NG">1351271273</int>
				<int id="PUVLRIVP6F73JNS">1351271291</int>
				<int id="PA9SSH8TMRD2VN8">1351271306</int>
				<int id="PHFPBUKK93D26VU">1351271307</int>
				<int id="PHVQ095I1K42GFL">1351271308</int>
				<int id="PHVAI4B3TK82G0N">1351271316</int>
				<int id="PCRFSEAH3TJ15HS">1351271323</int>
				<int id="PUV95LJVTHF26QI">1351271417</int>
				<int id="PHFKA411RVC22P0">1351271419</int>
				<int id="PHFM0PHNTUC2S8E">1351271461</int>
				<int id="PUVO7EKBSC93K41">1351271461</int>
				<int id="PUVQK9NC2CA3UM4">1351271505</int>
				<int id="PUVUCMK66OE2S7S">1351271507</int>
				<int id="PA9A2VTBRID23MT">1351271510</int>
				<int id="PUV17FCT69A3G1E">1351271514</int>
				<int id="PA9L6LLR3QD2GUH">1351271538</int>
				<int id="PUVHPFP0RB931UM">1351271616</int>
				<int id="PHVF31DQRQA2SPR">1351271618</int>
				<int id="PHV6C84JR2821C3">1351271621</int>
				<int id="PUVIJ9L2QDE23GC">1351271621</int>
				<int id="PCR4GK24TCV152E">1351271624</int>
				<int id="PHVQJ78CUCC2FM3">1351271674</int>
				<int id="PHFU73UKQ2D2SH5">1351271704</int>
				<int id="PA9GNHK5C0E23D8">1351271712</int>
				<int id="PUV50C46PKF2MOK">1351271745</int>
				<int id="PIFP82ST3M53E5D">1351271769</int>
				<int id="PA9MHI1O8OD26LA">1351271769</int>
				<int id="PHF20O01HRC21FP">1351271803</int>
				<int id="PUV8HU2U3HC37UE">1351271806</int>
				<int id="PHVVC92PUDC28DN">1351271852</int>
				<int id="PHFKVVPRI2D2CGO">1351271860</int>
				<int id="PCRE2VRLINS18V4">1351272059</int>
				<int id="PHVJR6H2J652Q9K">1351272083</int>
				<int id="PHFV3DRAV0D23TB">1351272100</int>
				<int id="PCRPNI20GTJ11UO">1351272113</int>
				<int id="PUVRHCHA89E23J6">1351272123</int>
				<int id="PUVKM4SM3993AGR">1351272185</int>
				<int id="PHVDBBBM9OA2D35">1351272189</int>
				<int id="PCR6QLN3RVT1329">1351272191</int>
				<int id="PHFGMBJBA4D21EG">1351272241</int>
				<int id="PHFA302213D2GRI">1351272243</int>
				<int id="PCRGUC7F2TM1MT4">1351272245</int>
				<int id="PUVNL8P6R7F26RP">1351272249</int>
				<int id="PHFNCFTVB4D2DNN">1351272256</int>
				<int id="PUVLDPCHFEK2AOQ">1351272282</int>
				<int id="PUV5EVLD0KF2669">1351272313</int>
				<int id="PUVBUBE4U5P2A9U">1351272427</int>
				<int id="PUVOV284NNA3T07">1351272516</int>
				<int id="PIFLF93LOD63T7I">1351272668</int>
				<int id="PHFVJO6A4BD2VKU">1351272843</int>
				<int id="PUVRSHGF4IQ21VO">1351272844</int>
				<int id="PUVQITRUOHB3CUO">1351272852</int>
				<int id="PUV39SSI9QG247R">1351272857</int>
				<int id="PHV5BMDN0P525G3">1351272861</int>
				<int id="PUVA0VV258C3ROR">1351272881</int>
				<int id="PM168JRREN12LHU">1351272991</int>
				<int id="PUV8PBHEH5K2E9N">1351272992</int>
				<int id="PUVCG9K8U9G24DD">1351273100</int>
				<int id="PHFSL9FTTBD2JQM">1351273101</int>
				<int id="PHV2N3G3AF825OC">1351273114</int>
				<int id="PUV4I22BOHG20KB">1351273121</int>
				<int id="PCRM9207UNS1D2F">1351273131</int>
				<int id="PA984LGOCKD26UK">1351273148</int>
				<int id="PIFEEQICHN53A11">1351273160</int>
				<int id="PHV7FR190MB2I9S">1351273205</int>
				<int id="PCRI874MONS12T3">1351273206</int>
				<int id="PUVJ3DEKJ9G2G2D">1351273218</int>
				<int id="PUVL0NBHFAC35NH">1351273251</int>
				<int id="PUV79I5LM7G2ADD">1351273259</int>
				<int id="PHFEGT1UT2D2SE9">1351273292</int>
				<int id="PUVSQGDN28C3N83">1351273293</int>
				<int id="PA9MTSSU4GD26L3">1351273323</int>
				<int id="PUVBSLNLLEI2KD5">1351273388</int>
				<int id="PUVKJO4RNLB3SET">1351273402</int>
				<int id="PA9P7TSVJ1E2UCF">1351273408</int>
				<int id="PUV6JM9F2MB3HEE">1351273585</int>
				<int id="PUVG45VUPKB36O3">1351273585</int>
				<int id="PCRL8MVRSNS1B0G">1351273721</int>
				<int id="PUV73MEEK2934PF">1351273727</int>
				<int id="PHFIVA1983D25F9">1351273743</int>
				<int id="PA93TKPJ66E2SG5">1351273746</int>
				<int id="PHFRK9P8S0D2MVK">1351273754</int>
				<int id="PHFINSK9JCD29H5">1351273834</int>
				<int id="PUVR8CQDK2I2PUF">1351273888</int>
				<int id="PUVEC3IR9MB3PHK">1351273990</int>
				<int id="PUVI6B84T1A3D99">1351274007</int>
				<int id="PUV771P9IME25MS">1351274009</int>
				<int id="PUVKNHKUAAC34AA">1351274015</int>
				<int id="PCRDMHR3NDO1FVT">1351274032</int>
				<int id="PCR825CVE0N1DVT">1351274185</int>
				<int id="PHFLUP2B34D2O34">1351274187</int>
				<int id="PUV77FCFC8N26V4">1351274189</int>
				<int id="PUV3Q3PFL0Q2ON5">1351274217</int>
				<int id="PHVRJ840M992GJK">1351274349</int>
				<int id="PUVOA5NB5QB3FRD">1351274350</int>
				<int id="PHFPRQPJJ2D2NKI">1351274577</int>
				<int id="PIF37IOVLQ53B17">1351274577</int>
				<int id="PCRE15VHINS1RJI">1351274577</int>
				<int id="PUV5FSTRPNF29UT">1351274715</int>
				<int id="PUVFDC083PE2F30">1351274739</int>
				<int id="PUVO9GST65D2T6C">1351274742</int>
				<int id="PHVSCM4AFS627EF">1351274742</int>
				<int id="PHFM2VTMB4D2M5D">1351274760</int>
				<int id="PA9PPLUHPJD24UQ">1351274822</int>
				<int id="PUVO62T54PB3SQP">1351274824</int>
				<int id="PUVE9D19JOB3P2T">1351274824</int>
				<int id="PHFS9UM8Q3D2STM">1351274896</int>
				<int id="PUVG7BUC6OB361D">1351274897</int>
				<int id="PIF7MRGK2G63VBO">1351275366</int>
				<int id="PA9VHKNCKQD2LUN">1351275370</int>
				<int id="PHF7GOMJS1D24NC">1351275372</int>
				<int id="PHF248O600D2SNR">1351275452</int>
				<int id="PUVMKHNUCCG2Q76">1351275452</int>
				<int id="PUVQGGB29P93519">1351275601</int>
				<int id="PHF31BRLV4D27G0">1351275607</int>
				<int id="PUVCC56TLB7395A">1351275665</int>
				<int id="PUVI47VNQ1C3THG">1351275666</int>
				<int id="PUVLDBAAO673ORE">1351275685</int>
				<int id="PUV9NRDP5P83ILS">1351275690</int>
				<int id="PHFENL1QCVC2HDK">1351275692</int>
				<int id="PA94QV6SBPD25Q4">1351275785</int>
				<int id="PA9AAQRSQ1E2VC8">1351275832</int>
				<int id="PUVJO54O12F2NJ3">1351275859</int>
				<int id="PUV46J90QB73R0R">1351275920</int>
				<int id="PHVABLN44H22DKA">1351275961</int>
				<int id="PHF8D44363D2HPS">1351276006</int>
				<int id="PUV91D8F1NB3VMH">1351276059</int>
				<int id="PUVA0HSJ7SB33BN">1351276068</int>
				<int id="PCR44OG2AUT12IH">1351276145</int>
				<int id="PUV4VSL3EEC3A1B">1351276199</int>
				<int id="PHVMQ71H0082G9H">1351276199</int>
				<int id="PHVDI42UF942SOA">1351276613</int>
				<int id="PUVLMJROMC93TFF">1351276613</int>
				<int id="PUVVG165URE24OC">1351276616</int>
				<int id="PUVR0DO8OS93KHU">1351276623</int>
				<int id="PA98MUCRCKD2EC1">1351276651</int>
				<int id="PCRHFVUMNNS11OP">1351276653</int>
				<int id="PUV1QK9Q61C3SF8">1351277292</int>
				<int id="PHVRLNSOM032AAO">1351277319</int>
				<int id="PCR4BJU0BUM1TUF">1351277319</int>
				<int id="PUVN43KAO6D2EQU">1351277321</int>
				<int id="PHVT2V3P3U22T8R">1351277461</int>
				<int id="PUV3ICHODBM2GKL">1351277461</int>
				<int id="PCRN0PG2VNS1BAL">1351277472</int>
				<int id="PUV7N3P3I4J2PS8">1351277503</int>
				<int id="PCR8TLDMR7N1AAA">1351277505</int>
				<int id="PHFBJB377AD29TL">1351277560</int>
				<int id="PA9F3EHI36E2JIG">1351277838</int>
				<int id="PUVVG5V8NQ93AQB">1351277920</int>
				<int id="PUV2KCFCITG2H3Q">1351278134</int>
				<int id="PUV3JN5MTIA31QP">1351278334</int>
				<int id="PHF5OTALG4D2QME">1351278336</int>
				<int id="PIF3P1905R61D2U">1351278432</int>
				<int id="PHVERIL4RP626NI">1351278495</int>
				<int id="PUV1U879OTE2HQ6">1351278611</int>
				<int id="PUVH597T7DC32E1">1351278612</int>
				<int id="PIF7VJONM463GBI">1351278615</int>
				<int id="PHVK2DAAO8520EA">1351278927</int>
				<int id="PUVDH68MDEE2S3E">1351278958</int>
				<int id="PHVD2F6HEP62SVB">1351279099</int>
				<int id="PCRJNG7VCDV1MVM">1351279101</int>
				<int id="PIFQHBL4S563QJT">1351279226</int>
				<int id="PCR1G5T9M3U1S6V">1351279231</int>
				<int id="PUVPPE5CM583388">1351279267</int>
				<int id="PUV8SFPHCQ63CR9">1351279302</int>
				<int id="PHFVCCQDR3D2FIQ">1351279364</int>
				<int id="PHVT6D96EL22G4P">1351279529</int>
				<int id="PIFTG82475631EI">1351279533</int>
				<int id="PUVRLG7EMCB3VAD">1351279573</int>
				<int id="PUVI4EDKGAJ207T">1351279574</int>
				<int id="PM13FQ40B60241T">1351279626</int>
				<int id="PUVTMVI961G2PNI">1351279839</int>
				<int id="PUVKHBR4LCB3I8P">1351280062</int>
				<int id="PIF6E7MR5R61DJ9">1351280180</int>
				<int id="PUV3OPF597D2D8R">1351280785</int>
				<int id="PUVG0RDUHUL2RVJ">1351281186</int>
				<int id="PM1LOQ518N129RP">1351281208</int>
				<int id="PUVCAJTDPFH203K">1351281410</int>
				<int id="PA9FUUC2K3E2DRG">1351281420</int>
				<int id="PUV6GSGSL2I2NP7">1351281662</int>
				<int id="PUVTST9O8H93EOB">1351281710</int>
				<int id="PUVIS05FIIA3SBO">1351281774</int>
				<int id="PHF5CE6O72D2KP3">1351281797</int>
				<int id="PA9856NM2KD20N0">1351282030</int>
				<int id="PUV4K2N5AIC3N4T">1351282030</int>
				<int id="PUV4R7KGJTA3ATK">1351283028</int>
				<int id="PUVFPTBQU7D2GI3">1351283227</int>
				<int id="PUVISAR5V7D2CKL">1351283245</int>
				<int id="PUVUFLB7QHK2OQL">1351283249</int>
				<int id="PUVOSKG9QRE2KK7">1351283538</int>
				<int id="PUV2O7J6I9D207V">1351283539</int>
				<int id="PHVH5L6GPN62JOU">1351283655</int>
				<int id="PUV766GM4TE2A3Q">1351283966</int>
				<int id="PIF362UNJH53LQF">1351283966</int>
				<int id="PUVPTF7N2DG203S">1351283968</int>
				<int id="PUV3KH2MQSB3LR9">1351284250</int>
				<int id="PCR91B3UB8N1O3S">1351284252</int>
				<int id="PUVHPAD7L5N292B">1351284360</int>
				<int id="PUV4QVT3R5J2ILP">1351285053</int>
			</object>
			<object id="25-05-27">
				<int id="PUVAL7U6GLB3K6V">1351285291</int>
				<int id="PA98ONJR2GD2CRB">1351285400</int>
				<int id="PUV3F8Q8P9D2Q5T">1351285401</int>
				<int id="PIFF19K9R263QJF">1351285404</int>
				<int id="PUVP71QTF0F2PB1">1351285428</int>
				<int id="PCR42DQMSCV1P9O">1351285637</int>
				<int id="PUV6QB9A35C31SG">1351285640</int>
				<int id="PHVJB7326H92FUB">1351285697</int>
				<int id="PA9J5LA451E2LSE">1351285697</int>
				<int id="PHV3SOHNMB52ELG">1351285816</int>
				<int id="PHFKGTOEK4D24VC">1351285817</int>
				<int id="PUVOSKG9QRE2KK7">1351285828</int>
				<int id="PUVI7ERSRHF2COM">1351285931</int>
				<int id="PUVHPAD7L5N292B">1351285932</int>
				<int id="PHV19OKESO62P13">1351285937</int>
				<int id="PUVHT82E1AP2E7H">1351285967</int>
				<int id="PCRE15VHINS1RJI">1351286219</int>
				<int id="PUV9KVP449E244L">1351286221</int>
				<int id="PA93S1AM4RD29RK">1351286237</int>
				<int id="PUV7PBQ7RUB3UL1">1351286310</int>
				<int id="PUVM19VOMK93FOP">1351286332</int>
				<int id="PHFPPJFJTVC2RK0">1351286345</int>
				<int id="PUV8PBHEH5K2E9N">1351286356</int>
				<int id="PHVU651LED82STP">1351286437</int>
				<int id="PUVC3KF8A8H2L2T">1351286450</int>
				<int id="PUVQEFLSU9C3SN2">1351286453</int>
				<int id="PUV766GM4TE2A3Q">1351286556</int>
				<int id="PHFBI3VT2ED2M4J">1351286557</int>
				<int id="PUVT5TK2G6D28QU">1351286601</int>
				<int id="PUVP41OFVCC332T">1351286603</int>
				<int id="PUV70B01CBG27J4">1351286635</int>
				<int id="PUVH597T7DC32E1">1351286682</int>
				<int id="PIF9OIVS9863SMF">1351286690</int>
				<int id="PUV9QFOV3ME2DOV">1351286715</int>
				<int id="PIFOGO1FNV5327P">1351286723</int>
				<int id="PUV6M92FD0H2KGM">1351286762</int>
				<int id="PHFJAE8FQVC2RNH">1351286809</int>
				<int id="PUVEGG4T2FG2UCD">1351286813</int>
				<int id="PHVIBHO8RN02DFH">1351286892</int>
				<int id="PA97IHVNBHD2L6Q">1351286924</int>
				<int id="PM120IAKPK123LN">1351287304</int>
				<int id="PCRNH6RCVNS1072">1351287305</int>
				<int id="PUV64C3J17C3LFP">1351287306</int>
				<int id="PCR31L66BAO1BOV">1351287311</int>
				<int id="PUVPTF7N2DG203S">1351287400</int>
				<int id="PHVDI42UF942SOA">1351287546</int>
				<int id="PCR6QLN3RVT1329">1351287549</int>
				<int id="PUVUEFJABRG2LND">1351287550</int>
				<int id="PA984LGOCKD26UK">1351287903</int>
				<int id="PUVEUMROI7D2IPU">1351287982</int>
				<int id="PHVJLT7S99527G2">1351287997</int>
				<int id="PUV7V1U0L7C3SCQ">1351288024</int>
				<int id="PCR1I23C34U1ASQ">1351288156</int>
				<int id="PUVQN4IADGG28KK">1351288157</int>
				<int id="PHVPQQ4OL992INR">1351288187</int>
				<int id="PUVLBC6O27F2FKP">1351288621</int>
				<int id="PM1MUFMEJD226ST">1351288622</int>
				<int id="PHVCP3261Q62SK4">1351288922</int>
				<int id="PCRE8LITINS1E3I">1351288926</int>
				<int id="PCRT0VFI6OS14VF">1351288952</int>
				<int id="PUV333V527D2942">1351289049</int>
				<int id="PUVOJ8VCPKE2MOC">1351289054</int>
				<int id="PUV3OPF597D2D8R">1351289127</int>
				<int id="PHVMUHUM3N622HJ">1351289475</int>
				<int id="PHVFADFGDT728AA">1351289484</int>
				<int id="PCRICS10PNS1LHA">1351289714</int>
				<int id="PUVONSK33OB3H64">1351289717</int>
				<int id="PUVIGNDPK9C36T1">1351289862</int>
				<int id="PCRGCU1RLNS19KK">1351289863</int>
				<int id="PCR8ERDNDUT16L4">1351289928</int>
				<int id="PUVSVMTPFIJ2M6B">1351289928</int>
				<int id="PHVDGRB8JD92GR6">1351290422</int>
				<int id="PHVPL6K28F7295D">1351290423</int>
				<int id="PUV2EGMNAHS2OQC">1351290429</int>
				<int id="PUV5EGOEJFC3J8F">1351290830</int>
				<int id="PA9HSMK86ID2F1A">1351290832</int>
				<int id="PUVCC56TLB7395A">1351290839</int>
				<int id="PCR4KMJVCAO1OQ7">1351290842</int>
				<int id="PCR4U1ICDAO1A8D">1351290843</int>
				<int id="PHV4THU2C792M0S">1351290852</int>
				<int id="PHV2N3G3AF825OC">1351290929</int>
				<int id="PUVR30DTCEC3I46">1351290936</int>
				<int id="PUVQRGOM9SB3MLA">1351291074</int>
				<int id="PUVMRHDRT483OEH">1351291076</int>
				<int id="PA9F3EHI36E2JIG">1351291444</int>
				<int id="PA9MO59D5CI2BG6">1351291470</int>
				<int id="PUV5SMGPEHG2DP8">1351291483</int>
				<int id="PHV6C84JR2821C3">1351291502</int>
				<int id="PUVNCT5TL5D2BB4">1351291510</int>
				<int id="PUVSVDEIMTG26B0">1351291516</int>
				<int id="PUV160O6FLB3KF2">1351291557</int>
				<int id="PUV9QUSLBJE2G5N">1351291580</int>
				<int id="PUVI4EDKGAJ207T">1351291660</int>
				<int id="PUVUII6QVHF26B7">1351291678</int>
				<int id="PUVA2RGKSPK263G">1351291722</int>
				<int id="PUV8RO3SQNH2JH4">1351291788</int>
				<int id="PA9CP0I8H6E2VH9">1351291830</int>
				<int id="PUV473G116D2GUS">1351291841</int>
				<int id="PHV7FR190MB2I9S">1351291995</int>
				<int id="PUV6GUJ9FSH2EUV">1351292072</int>
				<int id="PUVPC6D8RGC3EU9">1351292074</int>
				<int id="PUV22S2QJIF2GFM">1351292078</int>
				<int id="PHVKLAV9JEC2F4B">1351292098</int>
				<int id="PUVTGC3IF1A3Q4N">1351292344</int>
				<int id="PUV3JOQHDGB322T">1351292346</int>
				<int id="PCRDFPF4INS1J1N">1351292490</int>
				<int id="PUVGMGQU96830RT">1351292493</int>
				<int id="PUVKP5SOG7D29S2">1351292609</int>
				<int id="PUVVI4BTHBJ28F1">1351292631</int>
				<int id="PUVRDR9OBDN29DF">1351292661</int>
				<int id="PCROHCP0JDV1QRP">1351292662</int>
				<int id="PHFP13C56FD2BL8">1351292893</int>
				<int id="PIF25G8LLR53DPA">1351292949</int>
				<int id="PUVKTVFVK983BMQ">1351292950</int>
				<int id="PHVSBDCV7B52ELU">1351292964</int>
				<int id="PCR4U07B1UJ1FBQ">1351292969</int>
				<int id="PUVC77TNAEC356A">1351292993</int>
				<int id="PUV76BIV41O20KD">1351293366</int>
				<int id="PCRIMC1IPNS1PKK">1351293368</int>
				<int id="PUVFQ836U9E2IAS">1351293380</int>
				<int id="PHFLMIVO2UC2HK7">1351293472</int>
				<int id="PUVII91M9DH2QVN">1351293475</int>
				<int id="PIFOLMB0UO53FA2">1351293745</int>
				<int id="PUVSBBQBFV632TL">1351293985</int>
				<int id="PHF274E9E0D23V6">1351294043</int>
				<int id="PA9E1LMNLSD2EOO">1351294044</int>
				<int id="PHVG2J362992RNS">1351294058</int>
				<int id="PUVML5U8C9C3CL5">1351294432</int>
				<int id="PUVEO0HVO0B3E00">1351294433</int>
				<int id="PUVMCPKNL0F22UT">1351295227</int>
				<int id="PUVFN2LHIHC3LN7">1351295229</int>
				<int id="PUVJU69IKJC3BOE">1351295256</int>
				<int id="PA97PHPM54E2M0U">1351295259</int>
				<int id="PUVKMVKGUCG2PM3">1351295261</int>
				<int id="PUVMVUMOSQH2GS2">1351295385</int>
				<int id="PCRIELI3PNS1E5L">1351295387</int>
				<int id="PCR4GK24TCV152E">1351295627</int>
				<int id="PCR93R35SSJ1MOP">1351295877</int>
				<int id="PUV1LO4CFVB30OI">1351296182</int>
				<int id="PHFNCFTVB4D2DNN">1351296183</int>
				<int id="PUVNL8P6R7F26RP">1351296184</int>
				<int id="PUVQMCE3D9D2K8E">1351296614</int>
				<int id="PIF14GJO15D1P84">1351296740</int>
				<int id="PUVIPP0HFCG2V6I">1351296743</int>
				<int id="PUV39DUPENE2ATB">1351296821</int>
				<int id="PUV4I9MA47C3RAV">1351296826</int>
				<int id="PUVGVR7AN9D2JDR">1351297164</int>
				<int id="PUV80H86I7D2V4P">1351297169</int>
				<int id="PUVSR02QSV831TJ">1351297231</int>
				<int id="PHV3J76JGS62RF5">1351297232</int>
				<int id="PUVJU9MT7E93N5U">1351297233</int>
				<int id="PUVB2GCOIC938H2">1351297262</int>
				<int id="PUVKI6O4OCC30P5">1351297367</int>
				<int id="PCRA67IB8LL1MCE">1351297494</int>
				<int id="PHFH9VGQB2D2IUC">1351297504</int>
				<int id="PUVPVK0ILAE2PDG">1351297969</int>
				<int id="PHVERH6QNU621I8">1351298117</int>
				<int id="PUV1P773GVP2RUR">1351298143</int>
				<int id="PCRA8QN2LEV1QTF">1351298200</int>
				<int id="PA9VHKNCKQD2LUN">1351298268</int>
				<int id="PUVUJR1UUTG2SJP">1351298271</int>
				<int id="PUVMUKUEHRE2KME">1351298396</int>
				<int id="PUVOA5NB5QB3FRD">1351298535</int>
				<int id="PUV6H82RC8H2CIH">1351298565</int>
				<int id="PUVTKEDO69G2IAT">1351298947</int>
				<int id="PIFL0PPUT663NPS">1351298970</int>
				<int id="PHVR0962PO02QFU">1351299538</int>
				<int id="PUVCRM7PT6L2AO8">1351299540</int>
				<int id="PUVRESL85SE2FP5">1351299542</int>
				<int id="PHVO3NBD2N522CI">1351299544</int>
				<int id="PHVJR6H2J652Q9K">1351299563</int>
				<int id="PIF6LVBP7L53SOB">1351299566</int>
				<int id="PCR9V2I0FUT1DVV">1351299566</int>
			</object>
			<object id="25-05-28">
				<int id="PHF5DILG53D2JVK">1351299639</int>
				<int id="PUVCRM7PT6L2AO8">1351299661</int>
				<int id="PIFO2D7B5063UBC">1351299664</int>
				<int id="PHF43603F4D2I2C">1351299682</int>
				<int id="PCR9V2I0FUT1DVV">1351299683</int>
				<int id="PHVR0962PO02QFU">1351299694</int>
				<int id="PHF5EJAB10D2JP8">1351299997</int>
				<int id="PHVF66LO2RA20PQ">1351300032</int>
				<int id="PUVA5NTG3AG2UR1">1351300034</int>
				<int id="PUVF8DJVCU93K98">1351300055</int>
				<int id="PM1VP9MKT602436">1351300076</int>
				<int id="PCRNH6RCVNS1072">1351300078</int>
				<int id="PUVMUKUEHRE2KME">1351300101</int>
				<int id="PUV5E5K85LB37M1">1351300120</int>
				<int id="PA9ADGI5MND20Q0">1351300134</int>
				<int id="PUVIFPAIL5D2AVL">1351300586</int>
				<int id="PCRQIDJL0IV1DPS">1351300587</int>
				<int id="PUV8MKGHU6C3GIB">1351300984</int>
				<int id="PHVR7F201F72EUM">1351301346</int>
				<int id="PCR101KU5UP1EAG">1351301369</int>
				<int id="PCRG4AJDLNS1TTP">1351301393</int>
				<int id="PCRE77SPB0U14V3">1351301806</int>
				<int id="PIFTG82475631EI">1351301807</int>
				<int id="PUV6M92FD0H2KGM">1351301813</int>
				<int id="PUVUS0QNKOA3MC5">1351301878</int>
				<int id="PHV3J76JGS62RF5">1351301886</int>
				<int id="PUV9MDBBBQB3SPA">1351301902</int>
				<int id="PUVI9G9O9EH2KM5">1351301952</int>
				<int id="PCRI874MONS12T3">1351301972</int>
				<int id="PUV15KDOAK930M3">1351302004</int>
				<int id="PCR1I23C34U1ASQ">1351302252</int>
				<int id="PUVH7H58HMC3MF3">1351302256</int>
				<int id="PHVQJ78CUCC2FM3">1351302553</int>
				<int id="PUVHT82E1AP2E7H">1351302553</int>
				<int id="PHVIKAFLJS62FVP">1351302680</int>
				<int id="PA9J5LA451E2LSE">1351302704</int>
				<int id="PHF76FGJ7FD2QP4">1351302833</int>
				<int id="PM1HDTV02402DBO">1351303021</int>
				<int id="PIFN1P22MDB1MHK">1351303021</int>
				<int id="PA9AAQRSQ1E2VC8">1351303638</int>
				<int id="PUVP214BUKB3SKD">1351303809</int>
				<int id="PUVDM3K3CCG2ERK">1351303811</int>
				<int id="PA9856NM2KD20N0">1351303836</int>
				<int id="PHFINSK9JCD29H5">1351303908</int>
				<int id="PUVKKRET75B328O">1351303910</int>
				<int id="PHFRTI9GS0D2QGA">1351304058</int>
				<int id="PUVOS88N9N9342Q">1351304078</int>
				<int id="PUVJRGCG59F2913">1351304079</int>
				<int id="PUVUJR1UUTG2SJP">1351304102</int>
				<int id="PDO6QS7KMDT2LJH">1351304347</int>
				<int id="PHF1VMDO9DD2AK3">1351304348</int>
				<int id="PUVG2EDJV8G2ADK">1351304465</int>
				<int id="PA9G3OP2QUD2H9O">1351304507</int>
				<int id="PIFKD2G62R531FC">1351304724</int>
				<int id="PCR7T82R11K14AP">1351304740</int>
				<int id="PUVANK930CC3FME">1351304774</int>
				<int id="PUVI45UO8LF292D">1351304777</int>
				<int id="PA9CVBGOMJD2NT4">1351304920</int>
				<int id="PUV3QB0U8AC3K1D">1351304926</int>
				<int id="PUVH6BK7FGK2AHQ">1351305004</int>
				<int id="PUVJ86DSLSM2BDC">1351305010</int>
				<int id="PUVBBEV6LP735IR">1351305014</int>
				<int id="PUVBUB7PT9E2HLL">1351305073</int>
				<int id="PA9PPLUHPJD24UQ">1351305083</int>
				<int id="PUVLMJROMC93TFF">1351305087</int>
				<int id="PA9SEU1KQ5E2M49">1351305698</int>
				<int id="PUVTBBTJFSG2NC1">1351305720</int>
				<int id="PUVRL3OSO7G2VV4">1351306029</int>
				<int id="PUVHBURKAIB3UKH">1351306376</int>
				<int id="PA9F3EHI36E2JIG">1351306410</int>
				<int id="PUVJMUGHVLN2761">1351306919</int>
				<int id="PUV9AQKGSO73GDM">1351306921</int>
				<int id="PHF624MH10D2RFE">1351306950</int>
				<int id="PHV2GBROGF82MRS">1351308558</int>
				<int id="PHV2FDTQK362HC8">1351308639</int>
				<int id="PUVOICGABL93PAP">1351308912</int>
				<int id="PA9QGBL6FSD20U9">1351308988</int>
				<int id="PCRFDQOCKNS1LIS">1351309000</int>
				<int id="PUV1D62CP6D2M64">1351309176</int>
				<int id="PUV3D7EIFJB30QV">1351309176</int>
				<int id="PUVSR01EJCG2G0N">1351309934</int>
				<int id="PUV5K74TLDF28AF">1351309935</int>
				<int id="PUVCJ3V3R7D2N88">1351310560</int>
				<int id="PUVF02HO6AG2E66">1351311095</int>
				<int id="PHVVO7CASCB21O5">1351311406</int>
				<int id="PA9U72RMPID224K">1351311565</int>
				<int id="PIFNHNBDMK63AN5">1351312410</int>
				<int id="PUVT0ELSEMJ2UHR">1351312853</int>
				<int id="PUV71L8MAS73Q8K">1351312890</int>
				<int id="PHF4I93610D2TI2">1351312905</int>
			</object>
			<object id="25-05-29">
				<int id="PHVPL6K28F7295D">1351314055</int>
				<int id="PM11J0LUK902GQV">1351314173</int>
				<int id="PA9PPLUHPJD24UQ">1351314174</int>
				<int id="PHFEQQV20UC2ES4">1351314361</int>
				<int id="PUVCC56TLB7395A">1351314362</int>
				<int id="PCRU2USI8VT1IH3">1351314423</int>
				<int id="PUV2EGMNAHS2OQC">1351314480</int>
				<int id="PUVRKF7GK5F23CF">1351314827</int>
				<int id="PUVCJ3V3R7D2N88">1351314828</int>
				<int id="PCRNH6RCVNS1072">1351315350</int>
				<int id="PUVBHQ89NBM2HAR">1351315445</int>
				<int id="PCR1I23C34U1ASQ">1351315449</int>
				<int id="PHFS0IK652D2K0L">1351315726</int>
				<int id="PUVFICB3E7D2UAI">1351315743</int>
				<int id="PUV82ADNCFC3578">1351315751</int>
				<int id="PA95OL41KGD267A">1351315752</int>
				<int id="PUV6M92FD0H2KGM">1351315777</int>
				<int id="PHVPD72CABA2UCJ">1351315805</int>
				<int id="PUVSVDEIMTG26B0">1351315812</int>
				<int id="PA9NJ72CFKD2B40">1351316059</int>
				<int id="PUV2IHARV7F2GRE">1351316064</int>
				<int id="PHFBMADAEAD2JND">1351316112</int>
				<int id="PA9VHKNCKQD2LUN">1351316860</int>
				<int id="PUVTBBTJFSG2NC1">1351316860</int>
				<int id="PHFQG5V7V2D2RK5">1351317054</int>
				<int id="PA9QA8RBRPD22NK">1351317055</int>
				<int id="PUVHPAD7L5N292B">1351317059</int>
				<int id="PUV5EVLD0KF2669">1351317108</int>
				<int id="PUVSBITHB7I24U6">1351317114</int>
				<int id="PHFINSK9JCD29H5">1351317955</int>
				<int id="PHV47UC3OL72KBN">1351318586</int>
				<int id="PUVD3I2GH9C3515">1351318592</int>
				<int id="PHF6Q76POED2L4A">1351318604</int>
				<int id="PUV13H7I2OA3SER">1351318612</int>
				<int id="PHFKVVPRI2D2CGO">1351318727</int>
				<int id="PHV7MNV1VO62BC4">1351318782</int>
				<int id="PCRR6HQFR0U1SRC">1351319946</int>
				<int id="PUVRO6CA60I2RT3">1351319951</int>
				<int id="PHFN8I5UBCD2C6Q">1351319971</int>
				<int id="PCR2JJS38PS1MON">1351319994</int>
				<int id="PHVH5L6GPN62JOU">1351320045</int>
				<int id="PA92MJIOKQD2IMA">1351320253</int>
				<int id="PUVI7ERSRHF2COM">1351321788</int>
				<int id="PUVS0VLJ9G93E96">1351321795</int>
				<int id="PUVESOHKE9C311B">1351322732</int>
				<int id="PA9FUUC2K3E2DRG">1351322734</int>
				<int id="PIFG7LQVTG6356J">1351324036</int>
				<int id="PUVBOED1JQQ2CBG">1351324333</int>
				<int id="PIF66D21EB41T3G">1351325451</int>
				<int id="PIF2EL2VKF016N3">1351325698</int>
				<int id="PA95R91ABUD2CMS">1351325701</int>
				<int id="PHFVCRK8V4D22NS">1351327143</int>
				<int id="PIF9R57T8P53I85">1351327144</int>
				<int id="PHF31BRLV4D27G0">1351327747</int>
				<int id="PUV76BIV41O20KD">1351327750</int>
				<int id="PUVEC3IR9MB3PHK">1351327765</int>
				<int id="PHV3Q0F55E22URQ">1351328304</int>
				<int id="PCRT0VFI6OS14VF">1351328307</int>
			</object>
			<object id="25-05-30">
				<int id="PHVEQLLACJ32T3A">1351328404</int>
				<int id="PA9VHKNCKQD2LUN">1351328406</int>
				<int id="PUV14N2LA8D2JIJ">1351329660</int>
				<int id="PUVB87P7KQ93S9Q">1351329662</int>
				<int id="PHFU4OO79AD2ENQ">1351330004</int>
				<int id="PUVI4EDKGAJ207T">1351330004</int>
				<int id="PCR42DQMSCV1P9O">1351330253</int>
				<int id="PUV8726GUNH2L21">1351330253</int>
				<int id="PUVNL18UKJC3JTG">1351330408</int>
				<int id="PUV5EVLD0KF2669">1351330408</int>
				<int id="PUVGFFOBSHC3J5A">1351331434</int>
				<int id="PUVMVOG3H1832L4">1351331434</int>
				<int id="PUVKTS44N2C3KDO">1351331500</int>
				<int id="PUV3F8Q8P9D2Q5T">1351333100</int>
				<int id="PUVHPAD7L5N292B">1351333100</int>
				<int id="PA9E9SC8Q0E2TV1">1351336047</int>
				<int id="PHFKGTOEK4D24VC">1351336574</int>
				<int id="PUVE8P3162C3IVC">1351336574</int>
				<int id="PUVHOL349JJ22U4">1351338700</int>
				<int id="PUVVJAMNBDC3SIR">1351338700</int>
				<int id="PCRJNG7VCDV1MVM">1351339305</int>
				<int id="PUV91D8F1NB3VMH">1351339308</int>
				<int id="PUVJ86DSLSM2BDC">1351339549</int>
				<int id="PUVI9G9O9EH2KM5">1351339550</int>
				<int id="PHVJLT7S99527G2">1351339792</int>
				<int id="PHF4RCL6T3D2GAC">1351339853</int>
				<int id="PUV5FLF16L935CN">1351340231</int>
				<int id="PUVLVN26LPB3IAF">1351340408</int>
				<int id="PHVABLN44H22DKA">1351340409</int>
				<int id="PUV3KH2MQSB3LR9">1351340676</int>
				<int id="PUVTFJUHH9E22QH">1351340677</int>
				<int id="PCRNH6RCVNS1072">1351341545</int>
				<int id="PCR10NAFCQS1K33">1351341548</int>
				<int id="PA97KGQJJ7E2G6P">1351342055</int>
				<int id="PUVH7IT5U1K2M4U">1351342062</int>
				<int id="PHFKA411RVC22P0">1351342064</int>
			</object>
			<object id="25-05-31">
				<int id="PUVL2EQ7J7D25OS">1351343433</int>
				<int id="PCRBFCINGUT15SD">1351343443</int>
				<int id="PHFKGTOEK4D24VC">1351343474</int>
				<int id="PHVL1LRBAD92ENO">1351343772</int>
				<int id="PCRNH6RCVNS1072">1351343899</int>
				<int id="PUVBUB7PT9E2HLL">1351344002</int>
				<int id="PHF43603F4D2I2C">1351344060</int>
				<int id="PCR101KU5UP1EAG">1351344125</int>
				<int id="PUV5FLF16L935CN">1351344144</int>
				<int id="PUVJGMGHIIA388B">1351344202</int>
				<int id="PA97HUNHBUD2FUI">1351344209</int>
				<int id="PCRIELI3PNS1E5L">1351344255</int>
				<int id="PUVBCKHONKC33H5">1351344280</int>
				<int id="PUVCC56TLB7395A">1351344453</int>
				<int id="PHFVCCQDR3D2FIQ">1351344557</int>
				<int id="PHVJR6H2J652Q9K">1351345584</int>
				<int id="PHF2CSR1OCD2E6B">1351345983</int>
				<int id="PUVI4EDKGAJ207T">1351347044</int>
				<int id="PHFMI32SK4D2U1L">1351347057</int>
				<int id="PHVVR6I43M72BB2">1351347422</int>
				<int id="PCRJNG7VCDV1MVM">1351347484</int>
				<int id="PA9J5LA451E2LSE">1351347485</int>
				<int id="PUV8RO3SQNH2JH4">1351347716</int>
				<int id="PHFLB8GNU2D2GD8">1351347718</int>
				<int id="PHV52C0R3K72SEQ">1351347719</int>
				<int id="PA9NEEPG27E2DD0">1351347807</int>
				<int id="PUV3BN7EOT83QP8">1351347810</int>
				<int id="PHV4RKLETCB2B9I">1351348048</int>
				<int id="PUVSR02QSV831TJ">1351348049</int>
				<int id="PHF248O600D2SNR">1351348187</int>
				<int id="PUVI273ODRH27LV">1351348308</int>
				<int id="PUVFEENQHQ8386F">1351348637</int>
				<int id="PIFTG82475631EI">1351348640</int>
				<int id="PA9UNV5QH7E2B0P">1351348900</int>
				<int id="PUVRKFKFDGG2OPH">1351348901</int>
				<int id="PHFAM2DUH4D23RG">1351349920</int>
				<int id="PCRDFPF4INS1J1N">1351349922</int>
				<int id="PHFKVVPRI2D2CGO">1351350296</int>
				<int id="PUV10ALD09H22LB">1351350297</int>
				<int id="PA9856NM2KD20N0">1351350320</int>
				<int id="PUV22S2QJIF2GFM">1351351007</int>
				<int id="PUVEF3K4EIG2SFT">1351351707</int>
				<int id="PUVHPFP0RB931UM">1351351708</int>
				<int id="PA9PPLUHPJD24UQ">1351353057</int>
				<int id="PA9E1LMNLSD2EOO">1351353059</int>
				<int id="PA9BGL43P6E2MQ3">1351353154</int>
				<int id="PUVSR01EJCG2G0N">1351353194</int>
				<int id="PUVD3SLJ12A361Q">1351353532</int>
				<int id="PUVNL8P6R7F26RP">1351353591</int>
				<int id="PUVNU0KCM0B3U5T">1351353592</int>
				<int id="PUV90O5SDJK20F4">1351353707</int>
				<int id="PA94QV6SBPD25Q4">1351353709</int>
				<int id="PUVG9VDGPRE2FJ3">1351353721</int>
				<int id="PCRE9GAUINS1F64">1351353770</int>
				<int id="PIF22O7JKF01NRV">1351354683</int>
				<int id="PHVMUHUM3N622HJ">1351354716</int>
				<int id="PUVG0CKG9AB3P2C">1351355248</int>
				<int id="PUVV239FD1A3Q4D">1351355252</int>
				<int id="PA92KIPN12E27D0">1351355271</int>
				<int id="PIFL4AO85463T1U">1351355326</int>
				<int id="PCR5A28ARIL1DJS">1351355330</int>
				<int id="PUVPUTTP7BE2AJ0">1351355394</int>
				<int id="PUVEDP92H7G2683">1351355411</int>
				<int id="PUVOV284NNA3T07">1351355426</int>
				<int id="PHF57Q72ADD2QNL">1351355680</int>
				<int id="PUVR92GN0HG2582">1351355682</int>
				<int id="PHVR7F201F72EUM">1351355693</int>
				<int id="PA9HSMK86ID2F1A">1351355725</int>
				<int id="PCR10CGI60N1LG6">1351356119</int>
				<int id="PUVCAJTDPFH203K">1351356507</int>
				<int id="PUVKD8A9OEA31OM">1351356508</int>
				<int id="PIFQK9P17663VJA">1351356616</int>
				<int id="PUVJSP4158G25FM">1351356624</int>
				<int id="PUV3Q3PFL0Q2ON5">1351356952</int>
				<int id="PUVC8AD0CEK258Q">1351356962</int>
				<int id="PUVUVN6H8F934GS">1351356966</int>
			</object>
			<object id="25-05-32">
			</object>
			<object id="25-05-33">
			</object>
			<object id="25-05-34">
			</object>
			<object id="25-05-35">
			</object>
			<object id="25-05-37">
			</object>
			<object id="25-05-38">
			</object>
			<object id="25-05-39">
			</object>
			<object id="25-05-40">
			</object>
		</object>
		<object id="streaking_increments">
			<object id="25-07-08">
				<int id="PUV1L6AHH7K2U6H">1352337900</int>
				<int id="PUVCAJTDPFH203K">1352337920</int>
				<int id="PHV2N3G3AF825OC">1352337976</int>
				<int id="PUVJMUGHVLN2761">1352338017</int>
				<int id="PUVDFV46DV936PV">1352338099</int>
				<int id="PA9TADD9FPD233C">1352338223</int>
				<int id="PUVQKKV3F5D29T1">1352338378</int>
				<int id="PCRJNG7VCDV1MVM">1352338518</int>
				<int id="PHFQ3QMFHVC281F">1352338604</int>
				<int id="PHFJVIL04RC2ULD">1352338629</int>
				<int id="PCROPEN11OS1K51">1352338693</int>
				<int id="PHVF1FRMV9929LG">1352338703</int>
				<int id="PUVPVK0ILAE2PDG">1352338720</int>
				<int id="PHFGMBJBA4D21EG">1352338739</int>
				<int id="PIFQHBL4S563QJT">1352338760</int>
				<int id="PUV7HG7UG9C35EM">1352338797</int>
				<int id="PUVP2EOLH583U8I">1352339178</int>
				<int id="PUV6ERH6FUC3QJM">1352339294</int>
				<int id="PUV2ML84IMG2SQ0">1352339720</int>
				<int id="PIFGCNAO5663GCP">1352339799</int>
				<int id="PCRC8PG7HUT1DAI">1352339909</int>
				<int id="PUV80E90FI93LB0">1352339915</int>
				<int id="PUV611DPFLE2TKH">1352339930</int>
				<int id="PHFINSK9JCD29H5">1352340016</int>
				<int id="PCR4R99KAUT1JQ7">1352340077</int>
				<int id="PCR6L4VMU3N1H72">1352340077</int>
				<int id="PUVM586HP7C35NG">1352340151</int>
				<int id="PUV33S2P3773TK0">1352340282</int>
				<int id="PIF9R57T8P53I85">1352340306</int>
				<int id="PIFN1P22MDB1MHK">1352340418</int>
				<int id="PUVBBO6CF983D1L">1352340440</int>
				<int id="PUVFV4PKSLC31T5">1352340443</int>
				<int id="PM1LOQ518N129RP">1352340465</int>
				<int id="PHF1DC9BE4D2JPK">1352340637</int>
				<int id="PUV8UEGI9CD3R4N">1352340782</int>
				<int id="PUV682PVF5D23FH">1352340981</int>
				<int id="PUVS35GVJTC3KI7">1352341036</int>
				<int id="PUVE2U4QNQL2S20">1352341095</int>
				<int id="PUVFUGQFQ9D2JV0">1352341298</int>
				<int id="PUVNIBP02EE2L04">1352341563</int>
				<int id="PUVT0ELSEMJ2UHR">1352341588</int>
				<int id="PUV83DA2N5D2QUV">1352341672</int>
				<int id="PM1B73SDG602CVK">1352341778</int>
				<int id="PUVMKHNUCCG2Q76">1352341805</int>
				<int id="PHV8FFNSUB9254U">1352341930</int>
				<int id="PUV6M92FD0H2KGM">1352341962</int>
				<int id="PUVQLJ8LIDD35J2">1352342172</int>
				<int id="PHV43G7J6TA2M7P">1352342212</int>
				<int id="PHF624MH10D2RFE">1352342351</int>
				<int id="PUVS5LN4PCG2HLQ">1352342621</int>
				<int id="PUVTOGF77CA3V7M">1352342640</int>
				<int id="PIFBGMEMMP53GHD">1352342698</int>
				<int id="PUVRINE0QJL2GOH">1352343165</int>
				<int id="PUVH5K5FGJA3TQU">1352343174</int>
				<int id="PUVNCT5TL5D2BB4">1352343287</int>
				<int id="PUVVEUFO4LB3EF5">1352343477</int>
				<int id="PHV90CU6KG22L76">1352343695</int>
				<int id="PUVUMCDF3VC38C9">1352343851</int>
				<int id="PUVDML8BPK93CKI">1352343899</int>
				<int id="PUV6P0F50NC3M6U">1352343936</int>
				<int id="PUVMGE9DGPC3I6V">1352343940</int>
				<int id="PUVJHB0CBKC3SRN">1352344214</int>
				<int id="PUV2UEH8VRC3684">1352344258</int>
				<int id="PUVIJ9L2QDE23GC">1352344279</int>
				<int id="PIF7MRGK2G63VBO">1352344627</int>
				<int id="PUVSU0I6IJH275E">1352344700</int>
				<int id="PUV42LEOBAF2MKD">1352344783</int>
				<int id="PUVQRSQHP993TPG">1352344903</int>
				<int id="PUV90O5SDJK20F4">1352344935</int>
				<int id="PUV1CPEV8IB3U67">1352345186</int>
				<int id="PUVEH0CBNJC3KB7">1352345210</int>
				<int id="PCRG9CKLLNS1KTS">1352345229</int>
				<int id="PHFAQB5VH4D2OSK">1352346063</int>
				<int id="PUVOP728SEE2BQE">1352346519</int>
				<int id="PUVFEHU904J2T3U">1352346625</int>
				<int id="PHVSBDCV7B52ELU">1352346767</int>
				<int id="PA9252IP5UD21NG">1352347284</int>
				<int id="PUVKBPJJIBD36P9">1352347527</int>
				<int id="PUVSGL8UHEE2T10">1352348213</int>
				<int id="PUVLFPT60BB3COT">1352348269</int>
				<int id="PHFT66IJV2D29PS">1352348487</int>
				<int id="PUV79AKJQ8E28K4">1352348683</int>
				<int id="PHFM0PHNTUC2S8E">1352348790</int>
				<int id="PM168JRREN12LHU">1352348902</int>
				<int id="PUVOSKG9QRE2KK7">1352349007</int>
				<int id="PHVRJ840M992GJK">1352349072</int>
				<int id="PHFNCFTVB4D2DNN">1352349112</int>
				<int id="PHFA302213D2GRI">1352349112</int>
				<int id="PHFA1DO113D27OI">1352349112</int>
				<int id="PUVP3UTUOI83R56">1352349416</int>
				<int id="PUV2EGMNAHS2OQC">1352349527</int>
				<int id="PHF9LSI6S4D2FTF">1352349793</int>
				<int id="PHF3EMI4JDD2EUU">1352350005</int>
				<int id="PUV2T1MGQ9G2B9J">1352350011</int>
				<int id="PUVUTSGV5JB37FB">1352350111</int>
				<int id="PUVNQ0KFSGB3BTA">1352350138</int>
				<int id="PUVANK930CC3FME">1352350189</int>
				<int id="PUVR1R7KV9F2EQ9">1352350276</int>
				<int id="PHFOAB4LPDD2P36">1352350282</int>
				<int id="PUV70FRRB3F23EU">1352350465</int>
			</object>
			<object id="25-07-09">
				<int id="PHFM0PHNTUC2S8E">1352350823</int>
				<int id="PUVBCLAEHIB39B7">1352350925</int>
				<int id="PUVR1R7KV9F2EQ9">1352351002</int>
				<int id="PHVSGKDV7SA2FK8">1352351313</int>
				<int id="PUVJ4GKBUMC32R9">1352351498</int>
				<int id="PUVA5NTG3AG2UR1">1352351638</int>
				<int id="PHF624MH10D2RFE">1352352602</int>
				<int id="PHVQRJ67Q742FCG">1352352602</int>
				<int id="PHV19AFHTB922VQ">1352352740</int>
				<int id="PHV3SOHNMB52ELG">1352352874</int>
				<int id="PHV26QL7U262C7J">1352352997</int>
				<int id="PUV6EQ0F4NB36GC">1352353203</int>
				<int id="PIF14GJO15D1P84">1352353206</int>
				<int id="PA9SI3EOAND2BDK">1352354117</int>
				<int id="PCRE15VHINS1RJI">1352354959</int>
				<int id="PHV3J76JGS62RF5">1352355356</int>
				<int id="PIF82R4LQF01ISK">1352356150</int>
				<int id="PUVANK930CC3FME">1352356187</int>
				<int id="PCRIQ6OSD1N166M">1352356497</int>
				<int id="PUVIJ9KTN5D24U6">1352356785</int>
				<int id="PUVGDNG097C3RGM">1352356908</int>
				<int id="PCRNH6RCVNS1072">1352356998</int>
				<int id="PHVCFT53VN6228O">1352357118</int>
				<int id="PUVJSKMEME93KQD">1352357157</int>
				<int id="PUVJP8KO4CC3PUK">1352357232</int>
				<int id="PHFSRKE6T0D2GH8">1352357829</int>
				<int id="PA9UNV5QH7E2B0P">1352358442</int>
				<int id="PUVV5HJ6RD93NIJ">1352358735</int>
				<int id="PUVOIO5NTF93QO1">1352358735</int>
				<int id="PA9252IP5UD21NG">1352358757</int>
				<int id="PUVSCJHRTVS280U">1352359557</int>
				<int id="PHFP2LIDC4D2H2O">1352359775</int>
				<int id="PUVHPAD7L5N292B">1352359797</int>
				<int id="PUV5ABHBJAG2568">1352359816</int>
				<int id="PM1A4MDNG402AR4">1352360004</int>
				<int id="PUVD1R35GNC3PP0">1352360084</int>
				<int id="PUV6JPAODNB3FOK">1352360663</int>
				<int id="PUVSQT4IJVA3VSK">1352361164</int>
				<int id="PHFRJ945A3D2FMO">1352361263</int>
				<int id="PUVKGB9KG9D2G4L">1352361998</int>
				<int id="PHV714BJ7S22UC4">1352362493</int>
				<int id="PHVNJ4LKTQ626HM">1352362907</int>
				<int id="PHFL2MQMU2D2GE4">1352363176</int>
				<int id="PCRBFCINGUT15SD">1352363629</int>
				<int id="PIF3OCMOP251AKC">1352364308</int>
				<int id="PCRGUC7F2TM1MT4">1352364308</int>
				<int id="PUVVLIPFM5D2UC5">1352365012</int>
				<int id="PHFAGTM9BFD2VCF">1352365160</int>
			</object>
			<object id="25-07-10">
				<int id="PUVMK49O9BG28M6">1352365289</int>
				<int id="PUVSLPFE06D2FMT">1352365414</int>
				<int id="PUVVLIPFM5D2UC5">1352365632</int>
				<int id="PUVJ1M0B74D38BI">1352365860</int>
				<int id="PHVABLN44H22DKA">1352365881</int>
				<int id="PUVDML8BPK93CKI">1352366309</int>
				<int id="PUVNB508T5D2INJ">1352366458</int>
				<int id="PHVCM54BMP72K56">1352366711</int>
				<int id="PUV8C6CRE3F2RU3">1352366772</int>
				<int id="PUVMVBUINVE2FDP">1352367733</int>
				<int id="PHF31BRLV4D27G0">1352368026</int>
				<int id="PHFINSK9JCD29H5">1352368570</int>
				<int id="PIF2V9ICHO53PFN">1352368948</int>
				<int id="PUV5ABHBJAG2568">1352369138</int>
				<int id="PUVNL50OJ5D24O5">1352369375</int>
				<int id="PUVCE3RNDIB340P">1352369582</int>
				<int id="PUV7GFQVEJC3BBN">1352370473</int>
				<int id="PUVHPFP0RB931UM">1352370819</int>
				<int id="PUVC1CT6I6F2BF0">1352371273</int>
				<int id="PUV14N2LA8D2JIJ">1352371610</int>
				<int id="PCR2JJS38PS1MON">1352372587</int>
				<int id="PUVQSKCT62F29GL">1352373509</int>
				<int id="PUV4TQTEMAH2OIS">1352373800</int>
				<int id="PHFBLTOF5CD2E77">1352374061</int>
				<int id="PHFBMADAEAD2JND">1352374398</int>
				<int id="PHVQ024095A2FQ8">1352374977</int>
				<int id="PA9G8I2SEJD27U9">1352375745</int>
				<int id="PA9PPLUHPJD24UQ">1352376501</int>
				<int id="PHFNS9AVU2D2BE6">1352376688</int>
				<int id="PUVU3OIE4UE2U9S">1352376916</int>
				<int id="PHFOBBM0GAD2JAL">1352376967</int>
				<int id="PUVKJ8IP6LB39B1">1352377166</int>
				<int id="PUVUNFF3PLB3LER">1352378297</int>
				<int id="PHFSCRJV9FD2F51">1352379106</int>
				<int id="PUV39SSI9QG247R">1352379367</int>
				<int id="PHFKVVPRI2D2CGO">1352379378</int>
			</object>
			<object id="25-07-11">
				<int id="PHFKVVPRI2D2CGO">1352379808</int>
				<int id="PHV94IGLLV22EE5">1352379869</int>
				<int id="PHF624MH10D2RFE">1352381399</int>
				<int id="PCRNBUJSCJL1SOG">1352381727</int>
				<int id="PCRG4AJDLNS1TTP">1352381937</int>
				<int id="PUV22S2QJIF2GFM">1352382077</int>
				<int id="PM168JRREN12LHU">1352382325</int>
				<int id="PUVO4DC282A3502">1352382436</int>
				<int id="PHVVO7CASCB21O5">1352382573</int>
				<int id="PIFAVSBAJR538UD">1352382683</int>
				<int id="PIFNVCUEMK63SPD">1352382829</int>
				<int id="PUVS76IBB0S2R71">1352383180</int>
				<int id="PA9AA8P2MJD2US9">1352383661</int>
				<int id="PM114AN79E02KO6">1352385166</int>
				<int id="PUVQ5C3MKQH27FB">1352385388</int>
				<int id="PUV7281593F2747">1352386519</int>
				<int id="PUVK4347KHE2JL8">1352386984</int>
				<int id="PHVNIFVCQRA253D">1352387012</int>
				<int id="PUVTVHBGAB83HBI">1352387080</int>
				<int id="PHV5AI7DGI72EMV">1352387557</int>
				<int id="PHFINSK9JCD29H5">1352387595</int>
				<int id="PUVSMUH7VEC3HR9">1352387995</int>
				<int id="PHVE5USE9P62UL5">1352388282</int>
				<int id="PUVQG4V5PNE24LT">1352388589</int>
				<int id="PUV3AEGAMEH2GLM">1352388806</int>
				<int id="PCRR6HQFR0U1SRC">1352388936</int>
				<int id="PUVEJ4PFHSL20HH">1352388972</int>
				<int id="PUVVN5TSFLH2BB8">1352388992</int>
				<int id="PUVH7BU7IQC3O8D">1352389264</int>
				<int id="PUVCUCM4C8D2PLF">1352389522</int>
				<int id="PUV2IPH9NF83QFO">1352389582</int>
				<int id="PHFOBBM0GAD2JAL">1352390081</int>
				<int id="PHVSCM4AFS627EF">1352390288</int>
				<int id="PUV6EQ0F4NB36GC">1352390357</int>
				<int id="PUVFGC9R7EF2ECE">1352390551</int>
				<int id="PHV3SOHNMB52ELG">1352391423</int>
				<int id="PHFAM2DUH4D23RG">1352391529</int>
				<int id="PUV2LCB0HEL2UGF">1352391726</int>
				<int id="PUVUEFJABRG2LND">1352391894</int>
				<int id="PHV4UNDQ9Q02PDK">1352392118</int>
				<int id="PUVA2RGKSPK263G">1352392571</int>
				<int id="PCRIMC1IPNS1PKK">1352392993</int>
				<int id="PUVQKKV3F5D29T1">1352392998</int>
				<int id="PUVKLU36GOC35IF">1352393345</int>
				<int id="PUVDFEAA4DM2ERR">1352393390</int>
				<int id="PUV78MGI48C3NKP">1352393438</int>
				<int id="PUV2BCEC5CG2V5L">1352393504</int>
			</object>
			<object id="25-07-12">
				<int id="PHFRK9P8S0D2MVK">1352394263</int>
				<int id="PHV3SOHNMB52ELG">1352394267</int>
				<int id="PUVQAVTGUBC3QUV">1352394379</int>
				<int id="PCR5A28ARIL1DJS">1352394391</int>
				<int id="PHFKVVPRI2D2CGO">1352394720</int>
				<int id="PHVFG0THJF827TB">1352394869</int>
				<int id="PCREMRVAJNS1JKK">1352395098</int>
				<int id="PUVA2RGKSPK263G">1352395171</int>
				<int id="PHFVB7UGK2D283T">1352395208</int>
				<int id="PUVI45UO8LF292D">1352395573</int>
				<int id="PA9VHKNCKQD2LUN">1352395645</int>
				<int id="PHFT66IJV2D29PS">1352395678</int>
				<int id="PUV6KCLJ9FC3UGK">1352395845</int>
				<int id="PIFP3SA6C063SSP">1352396064</int>
				<int id="PHFINSK9JCD29H5">1352396074</int>
				<int id="PHFKA411RVC22P0">1352396334</int>
				<int id="PUVUTSGV5JB37FB">1352396335</int>
				<int id="PIFSMKNBOG63N0R">1352396466</int>
				<int id="PUVDML8BPK93CKI">1352396611</int>
				<int id="PUVNC5VN7D934FN">1352397513</int>
				<int id="PHFOQQMDQ0D278A">1352397586</int>
				<int id="PUVA9IOQNTC3SJK">1352397800</int>
				<int id="PHV1PM17V4125NM">1352397845</int>
				<int id="PUVTTIURKLC3B30">1352398250</int>
				<int id="PUVI0H2977A3G7K">1352398303</int>
				<int id="PHFU448MD4D2HL9">1352398535</int>
				<int id="PHFO9KEJ25D2MBL">1352398648</int>
				<int id="PHVRFSUBBDC2QD9">1352398649</int>
				<int id="PUVS01MGFEH2MAJ">1352398793</int>
				<int id="PHFS4VNHOTC25IA">1352398996</int>
				<int id="PHVFSV9R04A2DO9">1352399609</int>
				<int id="PUV4N87P8GG2EB6">1352399923</int>
				<int id="PIF73NQUM7634IP">1352400107</int>
				<int id="PUVPR1I900A3GII">1352400211</int>
				<int id="PHV3GLFLVE22SH6">1352400838</int>
				<int id="PHVSFAS9ED82TBC">1352400907</int>
				<int id="PUVHFCB2RLE2ARH">1352401248</int>
				<int id="PUVOPF8QBH93P4B">1352401688</int>
				<int id="PUVVJ936BCA3M1E">1352401951</int>
				<int id="PUV70B01CBG27J4">1352402316</int>
				<int id="PUVB45SR44D3NOE">1352402508</int>
				<int id="PUVANK930CC3FME">1352402621</int>
				<int id="PHV2N3G3AF825OC">1352403058</int>
				<int id="PUV11UBO2KG2KJL">1352403383</int>
				<int id="PHV21LD6GRA2ACT">1352403418</int>
				<int id="PCRBFCINGUT15SD">1352403611</int>
				<int id="PUV611DPFLE2TKH">1352404063</int>
				<int id="PUVRL3OSO7G2VV4">1352404288</int>
				<int id="PUV8KRHK6EG25DT">1352404369</int>
				<int id="PUVKP5SOG7D29S2">1352404755</int>
				<int id="PHFMVJCKSVC2BRL">1352404772</int>
				<int id="PHF3EMI4JDD2EUU">1352405151</int>
				<int id="PUV20LK604835CB">1352405563</int>
				<int id="PUV6OD02LNR27JP">1352405771</int>
				<int id="PHF624MH10D2RFE">1352405796</int>
				<int id="PCR14AIGQJO1V4O">1352405880</int>
				<int id="PHV11VJMK642E45">1352406348</int>
				<int id="PUVPBGSGGI9363H">1352406935</int>
				<int id="PUV4TOO3O1D32TP">1352407039</int>
				<int id="PUVOQVJ074A3F6S">1352407421</int>
				<int id="PM13FQ40B60241T">1352407542</int>
				<int id="PUV9QFOV3ME2DOV">1352407764</int>
				<int id="PUV1S8K1OAD3GDS">1352407907</int>
				<int id="PHVABLN44H22DKA">1352408074</int>
			</object>
			<object id="25-07-13">
				<int id="PIFUKTPT6L639BB">1352408633</int>
				<int id="PA9252IP5UD21NG">1352408674</int>
				<int id="PUVHPFP0RB931UM">1352408880</int>
				<int id="PHV2N3G3AF825OC">1352409060</int>
				<int id="PHFKVVPRI2D2CGO">1352409141</int>
				<int id="PA9GNHK5C0E23D8">1352409358</int>
				<int id="PIFSMKNBOG63N0R">1352409385</int>
				<int id="PUVHGT5JDLB30F7">1352409419</int>
				<int id="PUV6FUO75V93AII">1352409420</int>
				<int id="PUVNNA96VDD3460">1352409505</int>
				<int id="PUVPC6P6SA839RS">1352409646</int>
				<int id="PUVJU69IKJC3BOE">1352409990</int>
				<int id="PUVO3TARGPC39VS">1352410258</int>
				<int id="PHFOU973H3D26IQ">1352410585</int>
				<int id="PHF3EMI4JDD2EUU">1352410990</int>
				<int id="PUV9QFOV3ME2DOV">1352410996</int>
				<int id="PHF4VCR245D2MK3">1352411009</int>
				<int id="PUVISAR5V7D2CKL">1352411159</int>
				<int id="PA9SI3EOAND2BDK">1352411452</int>
				<int id="PHF6LNTTT3D2PLQ">1352411811</int>
				<int id="PHF624MH10D2RFE">1352412435</int>
				<int id="PUV3OPF597D2D8R">1352412853</int>
				<int id="PUVTTIURKLC3B30">1352412891</int>
				<int id="PUV89GGJIEC3P2I">1352413092</int>
				<int id="PIFLF93LOD63T7I">1352413155</int>
				<int id="PUVA2RGKSPK263G">1352413473</int>
				<int id="PHFVB7UGK2D283T">1352413685</int>
				<int id="PUVJ1DFFUJC3QO9">1352414265</int>
				<int id="PUVFFKO5NJP2GNH">1352414732</int>
				<int id="PUVQDRLM9NB31K0">1352414852</int>
				<int id="PA9BGL43P6E2MQ3">1352415294</int>
				<int id="PA9D6L6HEVD234S">1352415410</int>
				<int id="PUVSLPFE06D2FMT">1352415487</int>
				<int id="PUV14N2LA8D2JIJ">1352415884</int>
				<int id="PUVDPBJ8NDL2C7D">1352416275</int>
				<int id="PUV9KOTM1KE2MNG">1352416374</int>
				<int id="PUV6M92FD0H2KGM">1352416375</int>
				<int id="PHFOVO1A44D26CQ">1352416610</int>
				<int id="PUVTD2NVTID3NDN">1352416629</int>
				<int id="PA9F3EHI36E2JIG">1352416644</int>
				<int id="PUV9901F4BA3L6F">1352416810</int>
				<int id="PIF2TA3RK563FSR">1352416845</int>
				<int id="PUVOK83EVCC3BTG">1352416970</int>
				<int id="PHV19SAUGH72GB8">1352417068</int>
				<int id="PUVRL3OSO7G2VV4">1352417351</int>
				<int id="PHFT93U2C0D25VR">1352417587</int>
				<int id="PA9SGIV1AUD2PNL">1352418122</int>
				<int id="PUVJFL92V8H27T1">1352418388</int>
				<int id="PNV32HKO7SD26UH">1352418798</int>
				<int id="PA9F74KMB0E2ES3">1352418801</int>
				<int id="PHVSCM4AFS627EF">1352419801</int>
				<int id="PCR7T82R11K14AP">1352419808</int>
				<int id="PHFM0PHNTUC2S8E">1352419876</int>
				<int id="PUVPVK0ILAE2PDG">1352420320</int>
				<int id="PHVSBDCV7B52ELU">1352420364</int>
				<int id="PHVR7F201F72EUM">1352421680</int>
				<int id="PUV979L46IB3HEE">1352421810</int>
				<int id="PUVSC6I4QG839F3">1352422222</int>
				<int id="PUVEDIHK8N930OM">1352422438</int>
				<int id="PUVT0ELSEMJ2UHR">1352422506</int>
				<int id="PCR12I603OL1GJD">1352422632</int>
				<int id="PUVFQ836U9E2IAS">1352422695</int>
			</object>
			<object id="25-08-01">
				<int id="PUV9BC57QMB3DNC">1352423032</int>
				<int id="PUV9QFOV3ME2DOV">1352424351</int>
				<int id="PHVBRQR0A192RSM">1352425064</int>
				<int id="PHV17370R352TN8">1352428573</int>
				<int id="PHFK5DVI8DD22EP">1352434454</int>
			</object>
			<object id="25-08-04">
				<int id="PHV5AI7DGI72EMV">1352472144</int>
				<int id="PUVK46QGM9G2ANO">1352477967</int>
			</object>
			<object id="25-08-05">
				<int id="PUVNJIQE8PC3F8K">1352487889</int>
				<int id="PUV9E4JDSTA3253">1352491827</int>
			</object>
			<object id="25-08-11">
				<int id="PUVPUV67TRC3529">1352569203</int>
			</object>
			<object id="25-08-13">
				<int id="PUV88HJU7OB3B8Q">1352600397</int>
				<int id="PUVA5NTG3AG2UR1">1352609003</int>
			</object>
			<object id="25-08-22">
				<int id="PHV5AI7DGI72EMV">1352735799</int>
				<int id="PUV8BML177K28HU">1352736654</int>
			</object>
			<object id="25-08-23">
				<int id="PUV8BML177K28HU">1352749408</int>
				<int id="PHVORKSVG952LCA">1352752757</int>
			</object>
			<object id="25-08-24">
				<int id="PUV8BML177K28HU">1352763717</int>
			</object>
			<object id="25-08-30">
				<int id="PUV8BML177K28HU">1352841282</int>
			</object>
			<object id="25-08-33">
				<int id="PUVM419U2NB3KIE">1352896755</int>
			</object>
			<object id="25-08-36">
				<int id="PUVB5F5VDPB3AKP">1352930841</int>
			</object>
			<object id="25-09-03">
				<int id="PHVMUK66SI726F4">1352993749</int>
			</object>
			<object id="25-10-02">
				<int id="PIFGCNAO5663GCP">1353051581</int>
			</object>
			<object id="25-10-18">
				<int id="PA9SEU1KQ5E2M49">1353285986</int>
			</object>
			<object id="25-10-19">
				<int id="PUVH4JOK59G2BM3">1353295205</int>
			</object>
			<object id="25-10-20">
				<int id="PHV10SFC5112ODS">1353311370</int>
			</object>
			<object id="25-10-23">
				<int id="PCRNH6RCVNS1072">1353356402</int>
			</object>
			<object id="25-10-36">
				<int id="PHV4RKLETCB2B9I">1353534667</int>
			</object>
			<object id="25-10-44">
				<int id="PHFGIBN0F3D2R8O">1353647251</int>
				<int id="PHV5AI7DGI72EMV">1353652194</int>
			</object>
			<object id="25-11-06">
				<int id="PUVTMVI961G2PNI">1353787145</int>
			</object>
			<object id="26-01-09">
				<int id="PUV4BFTRRUC3RLF">1353995865</int>
			</object>
			<object id="26-01-15">
				<int id="PHV5AI7DGI72EMV">1354081620</int>
			</object>
			<object id="26-01-18">
				<int id="PUVTMVI961G2PNI">1354127675</int>
			</object>
			<object id="26-03-19">
				<int id="PHV5AI7DGI72EMV">1354600508</int>
			</object>
			<object id="26-03-42">
				<int id="PHFNS9AVU2D2BE6">1354935584</int>
				<int id="PUV334M99H83606">1354937921</int>
			</object>
			<object id="26-03-43">
				<int id="PA998GBOSJD2EDI">1354944356</int>
				<int id="PUVO99PIVOC3PNT">1354945145</int>
			</object>
			<object id="26-03-49">
				<int id="PHFNS9AVU2D2BE6">1355032079</int>
			</object>
			<object id="26-03-51">
				<int id="PUVSS3VLH2K2JMP">1355058965</int>
			</object>
			<object id="26-03-52">
				<int id="PHVE7HP4ST72T66">1355082352</int>
			</object>
			<object id="26-03-53">
				<int id="PHV5AI7DGI72EMV">1355092224</int>
			</object>
			<object id="26-04-01">
				<int id="PIF82R4LQF01ISK">1355104302</int>
				<int id="PCRRV307L1N11TA">1355104744</int>
				<int id="PUV2Q3F51I935K5">1355109326</int>
				<int id="PHFAGTM9BFD2VCF">1355109808</int>
				<int id="PUVU0H1NB7E3U57">1355110732</int>
				<int id="PIF761SOOQKUIH">1355110859</int>
			</object>
		</object>
		<object id="hi_sign_evasion_record_history">
			<object id="version_1">
				<str id="pc_tsid">PDO4R0BLAGT222N</str>
				<str id="pc_label">DancinBear</str>
				<int id="secs">11</int>
				<int id="when">1351821366</int>
				<int id="version">1</int>
			</object>
		</object>
		<object id="hi_sign_evasion_record">
			<str id="pc_tsid">PUVSMIGB8DG29L5</str>
			<str id="pc_label">Carrion Carrier</str>
			<int id="secs">12</int>
			<int id="when">1353253237</int>
			<int id="version">10</int>
			<str id="day_key">25-10-16</str>
		</object>
		<int id="incantations_step">1</int>
		<object id="incantations_redux">
			<object id="PUVK2730A6F2U80">
				<int id="step">1</int>
				<int id="ts">1354917577</int>
			</object>
			<object id="PUV4J86UJPC3TEN">
				<int id="step">2</int>
				<int id="ts">1354917583</int>
			</object>
			<object id="PUV4M2F46LL2DPA">
				<int id="step">1</int>
				<int id="ts">1354917594</int>
			</object>
			<object id="PUV14BQE31D3QK4">
				<int id="step">2</int>
				<int id="ts">1354917599</int>
			</object>
			<object id="PCR11792JRL10T9">
				<int id="step">3</int>
				<int id="ts">1354917601</int>
			</object>
			<object id="PHFK48ANI2D2F12">
				<int id="step">1</int>
				<int id="ts">1354917659</int>
			</object>
			<object id="PIF6P0TIVQ53F1H">
				<int id="step">1</int>
				<int id="ts">1354918791</int>
			</object>
			<object id="PUVBHA1C58C33PQ">
				<int id="step">1</int>
				<int id="ts">1354919152</int>
			</object>
			<object id="PUVC2FPD03H2RCI">
				<int id="step">2</int>
				<int id="ts">1354919154</int>
			</object>
			<object id="PUVKME5Q70E3SR1">
				<int id="step">3</int>
				<int id="ts">1354919156</int>
			</object>
			<object id="PHVMUK66SI726F4">
				<int id="step">1</int>
				<int id="ts">1354919175</int>
			</object>
			<object id="PHVO2VL5MP02ONH">
				<int id="step">1</int>
				<int id="ts">1354919963</int>
			</object>
			<object id="PUVQN4IADGG28KK">
				<int id="step">1</int>
				<int id="ts">1354919972</int>
			</object>
			<object id="PUV2C53BG9C3ODU">
				<int id="step">1</int>
				<int id="ts">1354920097</int>
			</object>
			<object id="PIF22O7JKF01NRV">
				<int id="step">2</int>
				<int id="ts">1354920116</int>
			</object>
			<object id="PUV6JPAODNB3FOK">
				<int id="step">3</int>
				<int id="ts">1354920169</int>
			</object>
			<object id="PUVC50UP84C39AK">
				<int id="step">1</int>
				<int id="ts">1354920574</int>
			</object>
			<object id="PA9SGIV1AUD2PNL">
				<int id="step">1</int>
				<int id="ts">1354920631</int>
			</object>
			<object id="PUVE0P38UUC3P2O">
				<int id="step">1</int>
				<int id="ts">1354921592</int>
			</object>
			<object id="PUVCGKMH58C3E1E">
				<int id="step">2</int>
				<int id="ts">1354921596</int>
			</object>
			<object id="PUVERUQUIIJ2TCI">
				<int id="step">3</int>
				<int id="ts">1354921600</int>
			</object>
			<object id="PUVD0UO5ETC3BO1">
				<int id="step">1</int>
				<int id="ts">1354923714</int>
			</object>
			<object id="PHVR3OIVQJ42F6G">
				<int id="step">2</int>
				<int id="ts">1354923717</int>
			</object>
			<object id="PUVHAQBGPL937P3">
				<int id="step">3</int>
				<int id="ts">1354923718</int>
			</object>
			<object id="PHFEBGS0MAD2KGT">
				<int id="step">1</int>
				<int id="ts">1354924436</int>
			</object>
			<object id="PHVBQSO3LG22530">
				<int id="step">2</int>
				<int id="ts">1354924773</int>
			</object>
			<object id="PHV76S67V9A2DUA">
				<int id="step">1</int>
				<int id="ts">1354924837</int>
			</object>
			<object id="PHFINSK9JCD29H5">
				<int id="step">2</int>
				<int id="ts">1354925159</int>
			</object>
			<object id="PUVR41F05GF2VJV">
				<int id="step">1</int>
				<int id="ts">1354925193</int>
			</object>
			<object id="PUV4UO1A0FB3VQ1">
				<int id="step">1</int>
				<int id="ts">1354925291</int>
			</object>
			<object id="PUVCE3RNDIB340P">
				<int id="step">1</int>
				<int id="ts">1354925662</int>
			</object>
			<object id="PA9174C9GHD21U7">
				<int id="step">1</int>
				<int id="ts">1354926118</int>
			</object>
			<object id="PHFIS28II2D239P">
				<int id="step">1</int>
				<int id="ts">1354926552</int>
			</object>
			<object id="PCR3SJRBQIL12K2">
				<int id="step">1</int>
				<int id="ts">1354927902</int>
			</object>
			<object id="PHF3EMI4JDD2EUU">
				<int id="step">1</int>
				<int id="ts">1354929237</int>
			</object>
			<object id="PUVN10CBHLB3GIG">
				<int id="step">2</int>
				<int id="ts">1354929253</int>
			</object>
			<object id="PHFIU1P4P4D2PHL">
				<int id="step">1</int>
				<int id="ts">1354933681</int>
			</object>
			<object id="PHFNS9AVU2D2BE6">
				<int id="step">1</int>
				<int id="ts">1354935529</int>
			</object>
			<object id="PHFP13C56FD2BL8">
				<int id="step">2</int>
				<int id="ts">1354937068</int>
			</object>
			<object id="PHV2GBROGF82MRS">
				<int id="step">1</int>
				<int id="ts">1354939739</int>
			</object>
			<object id="PHV2N3G3AF825OC">
				<int id="step">2</int>
				<int id="ts">1354939741</int>
			</object>
			<object id="PA992GBF3PD2JRV">
				<int id="step">1</int>
				<int id="ts">1354940003</int>
			</object>
			<object id="PUV1P80SU0A3I5S">
				<int id="step">1</int>
				<int id="ts">1354940037</int>
			</object>
			<object id="PUV3GDPPB9E27VF">
				<int id="step">2</int>
				<int id="ts">1354940774</int>
			</object>
			<object id="PUV523037AD3VO0">
				<int id="step">1</int>
				<int id="ts">1354943026</int>
			</object>
			<object id="PHFMGAVRMAD2DGU">
				<int id="step">1</int>
				<int id="ts">1354943457</int>
			</object>
			<object id="PA9E1LMNLSD2EOO">
				<int id="step">2</int>
				<int id="ts">1354943473</int>
			</object>
			<object id="PHVEAEQ55F72KLU">
				<int id="step">1</int>
				<int id="ts">1354944023</int>
			</object>
			<object id="PUVDDFCHULH2204">
				<int id="step">2</int>
				<int id="ts">1354944030</int>
			</object>
			<object id="PA998GBOSJD2EDI">
				<int id="step">1</int>
				<int id="ts">1354944307</int>
			</object>
			<object id="PIFQHNFJ1M634GJ">
				<int id="step">2</int>
				<int id="ts">1354944331</int>
			</object>
			<object id="PUVJ4F7G14L2HTI">
				<int id="step">1</int>
				<int id="ts">1354947952</int>
			</object>
			<object id="PUVFVIM4HLD3F02">
				<int id="step">2</int>
				<int id="ts">1354947957</int>
			</object>
			<object id="PUVQ6I3032D3097">
				<int id="step">1</int>
				<int id="ts">1354951389</int>
			</object>
			<object id="PUV3B32Q8JG2DB3">
				<int id="step">2</int>
				<int id="ts">1354951391</int>
			</object>
			<object id="PUVLOKM16N93SRA">
				<int id="step">3</int>
				<int id="ts">1354951393</int>
			</object>
			<object id="PUVQOVN59ME2QM9">
				<int id="step">1</int>
				<int id="ts">1354952235</int>
			</object>
			<object id="PUV7JC4GTIJ2PGO">
				<int id="step">2</int>
				<int id="ts">1354952240</int>
			</object>
			<object id="PUVUBPJHDUC3HI1">
				<int id="step">1</int>
				<int id="ts">1354952467</int>
			</object>
			<object id="PUVABNUBG5D29P8">
				<int id="step">1</int>
				<int id="ts">1354964060</int>
			</object>
			<object id="PUVHKHKSFDC3H9E">
				<int id="step">2</int>
				<int id="ts">1354964062</int>
			</object>
			<object id="PUVAJKHV28G2BQR">
				<int id="step">3</int>
				<int id="ts">1354964074</int>
			</object>
			<object id="PA97PHPM54E2M0U">
				<int id="step">1</int>
				<int id="ts">1354965422</int>
			</object>
			<object id="PA9VHKNCKQD2LUN">
				<int id="step">2</int>
				<int id="ts">1354965422</int>
			</object>
			<object id="PUVKMVKGUCG2PM3">
				<int id="step">3</int>
				<int id="ts">1354965423</int>
			</object>
			<object id="PIF1NTTORNACL">
				<int id="step">1</int>
				<int id="ts">1354968797</int>
			</object>
			<object id="PCRFJ2ABSEV1F8E">
				<int id="step">2</int>
				<int id="ts">1354968800</int>
			</object>
			<object id="PCR4KMJVCAO1OQ7">
				<int id="step">1</int>
				<int id="ts">1354969715</int>
			</object>
			<object id="PUVV3HT977C3HIG">
				<int id="step">2</int>
				<int id="ts">1354970073</int>
			</object>
			<object id="PUVE2TGQ79S2VUR">
				<int id="step">1</int>
				<int id="ts">1354970439</int>
			</object>
			<object id="PUVF5CIS8UE2209">
				<int id="step">2</int>
				<int id="ts">1354970441</int>
			</object>
			<object id="PHF624MH10D2RFE">
				<int id="step">3</int>
				<int id="ts">1354970442</int>
			</object>
			<object id="PUV9VNS5SOS22Q9">
				<int id="step">1</int>
				<int id="ts">1354972559</int>
			</object>
			<object id="PCRMKIMIUNS1S1G">
				<int id="step">1</int>
				<int id="ts">1354974756</int>
			</object>
			<object id="PUV76BIV41O20KD">
				<int id="step">1</int>
				<int id="ts">1354977136</int>
			</object>
			<object id="PCRKFODORUT188S">
				<int id="step">2</int>
				<int id="ts">1354985219</int>
			</object>
			<object id="PCR10CGI60N1LG6">
				<int id="step">1</int>
				<int id="ts">1354985721</int>
			</object>
			<object id="PUV3JN5MTIA31QP">
				<int id="step">2</int>
				<int id="ts">1354987037</int>
			</object>
			<object id="PHVABLN44H22DKA">
				<int id="step">1</int>
				<int id="ts">1354991132</int>
			</object>
			<object id="PHF8FOMPS2D2J2C">
				<int id="step">1</int>
				<int id="ts">1354994337</int>
			</object>
			<object id="PUVUII6QVHF26B7">
				<int id="step">2</int>
				<int id="ts">1354994352</int>
			</object>
			<object id="PUVOQGDCFTH21UN">
				<int id="step">1</int>
				<int id="ts">1354997922</int>
			</object>
			<object id="PUVUTSGV5JB37FB">
				<int id="step">2</int>
				<int id="ts">1354997925</int>
			</object>
			<object id="PUVNQ08H15C3F2V">
				<int id="step">3</int>
				<int id="ts">1354997927</int>
			</object>
			<object id="PUV224T8NPM2TPN">
				<int id="step">1</int>
				<int id="ts">1354998169</int>
			</object>
			<object id="PUVVILGJCUF27V0">
				<int id="step">2</int>
				<int id="ts">1354998176</int>
			</object>
			<object id="PUVM6TEQL5D2M1I">
				<int id="step">3</int>
				<int id="ts">1354998183</int>
			</object>
			<object id="PUVTNI1FJH93NPE">
				<int id="step">1</int>
				<int id="ts">1354998388</int>
			</object>
			<object id="PA9RDR9AQ9I241I">
				<int id="step">2</int>
				<int id="ts">1354998398</int>
			</object>
			<object id="PHF11QGRI3D2KLQ">
				<int id="step">1</int>
				<int id="ts">1354998555</int>
			</object>
		</object>
		<object id="hi_sign_daily_evasion_record">
			<str id="pc_tsid">PHVR0962PO02QFU</str>
			<str id="pc_label">The Cat Face</str>
			<int id="secs">10</int>
			<int id="when">1355111568</int>
			<int id="version">10</int>
			<str id="day_key">26-04-01</str>
		</object>
	</object>
	<objrefs id="items">
		<objref tsid="IUVJP2752HQ2611" label="Qurazy marker"/>
		<objref tsid="ILICG4IE2UI1JB2" label="Quoin"/>
		<objref tsid="ICRA44F4OKR1QSK" label="Crab"/>
		<objref tsid="ILICFK5BNTI19LA" label="Paper Tree"/>
	</objrefs>
	<objrefs id="players">
		<objref tsid="PHVG2J362992RNS" label="Fnibbit"/>
		<objref tsid="PA9MRPBOMPD2I43" label="The Barista"/>
		<objref tsid="PHFE6NKST2D2QFK" label="Penelope Sue"/>
		<objref tsid="PHFAL9IF63D2Q0N" label="Edwirges"/>
		<objref tsid="PHVBCNUCPE228CL" label="KP Doody"/>
		<objref tsid="PHVIBHO8RN02DFH" label="jasbo"/>
		<objref tsid="PIFHJ5TCM6D1558" label="Lelu"/>
		<objref tsid="PHVA0E8BP892180" label="Lady Myseri"/>
		<objref tsid="PHV5AI7DGI72EMV" label="MrMatt"/>
		<objref tsid="PHFDKR3DCVC2IMT" label="Uric The Oddball"/>
		<objref tsid="PUVVCS4GQ7C3VC8" label="JacktheStripper"/>
		<objref tsid="PUVKH4U109G2KCA" label="Turbo Buffalo"/>
		<objref tsid="PUV1G2MGJU93SHL" label="lindsanator"/>
		<objref tsid="PIF3OCMOP251AKC" label="shhexy corin"/>
		<objref tsid="PCR9E5GQJSM1GDF" label="Wren Bramble"/>
		<objref tsid="PIF17RS00KKUSJ" label="Eureka"/>
		<objref tsid="PIF6RN35T3D1DT2" label="ping"/>
		<objref tsid="PCRFJ2ABSEV1F8E" label="Millie"/>
		<objref tsid="PCR3F7ARASM149R" label="lucy jane"/>
		<objref tsid="PUVNT8J9T5D29DT" label="Spinmann"/>
		<objref tsid="PUVDHJUUFC938Q6" label="Civia"/>
		<objref tsid="PUVO1O2T7GO29R8" label="Plutopia"/>
		<objref tsid="PCRDMHR3NDO1FVT" label="Varaeth"/>
		<objref tsid="PCRJ2SFJ7IL1KQD" label="Gabi"/>
		<objref tsid="PHVKJEP0I6321HU" label="Radasha"/>
		<objref tsid="PUVPNF3PS2I2HUT" label="Plotina"/>
		<objref tsid="PUVL4H4PR673RJM" label="Shitty Bill"/>
		<objref tsid="PIF210IIKF015FF" label="Nanookie"/>
		<objref tsid="PHF75TP3PRC2DMG" label="Bearington Boots"/>
		<objref tsid="PIF1UFTOS10HF" label="striatic"/>
		<objref tsid="PUV99J37JBE2ADF" label="Calan Adan"/>
		<objref tsid="PHVUDUTT3I22BQ0" label="Bunni3"/>
		<objref tsid="PHVLQ8CSCB52UUB" label="Rook"/>
		<objref tsid="PUV5PHI2GBG2R4F" label="Orange Jello"/>
		<objref tsid="PHVH80JUGF7274V" label="nikisot"/>
		<objref tsid="PUV23KQCPLB39ED" label="riskybusinessmp"/>
		<objref tsid="PUV9NBIC7MG2727" label="Zudora"/>
		<objref tsid="PCRUGJ95S2N17GO" label="Lilith"/>
		<objref tsid="PUVD79HQPFD2AHJ" label="Sir Isaac Nukem"/>
		<objref tsid="PHV3DI71MH926L7" label="Tali&apos;Zorah"/>
		<objref tsid="PM1L3BRN4Q12KAH" label="Zenny"/>
		<objref tsid="PIFUJHB7F4D10PI" label="Mac Rapalicious"/>
		<objref tsid="PHVL9JGARN52OG2" label="ԲʆuԲԲyɱ"/>
		<objref tsid="PHFSL7BCQ2D2AAI" label="Windswept"/>
		<objref tsid="PUV6UOODPKF200K" label="ALZ_LO"/>
		<objref tsid="PHFQU3A0A3D25GB" label="Nostie"/>
		<objref tsid="PHVCM54BMP72K56" label="Papilula"/>
		<objref tsid="PM1B73SDG602CVK" label="larky lion"/>
		<objref tsid="PA9T8Q9677E20UC" label="Mysterious Hermit"/>
		<objref tsid="PUVMMR3UJN934EI" label="LeeluDalasMultipass"/>
		<objref tsid="PHF8ES6AMVC2E5L" label="Mmmteague"/>
		<objref tsid="PUVLMV3I98D2H47" label="in shan we trust"/>
		<objref tsid="PUV733TUK1H2PAE" label="Aissa"/>
		<objref tsid="PHVPT6F2H542DQD" label="emdot"/>
		<objref tsid="PIF1OSTOROD0P" label="EgIantine"/>
	</objrefs>
</game_object>
